[{"@odata.etag":"W/\"JzQ0O1Z4OEt2aklLN0hGeVhqSnArL3dvMURGYnh5WGJ6dW1nY3hhbU8vdDZzdzA9MTswMDsn\"","documentType":"Order","documentNumber":"SOR-MKI/02/24/0270","lineNumber":10,"sellToCustomerNumber":"CST0006","type":"Item","number":"121-701-0007","locationCode":"NAROGONG","postingGroup":"FINISHED GOODS","shipmentDate":"2024-02-13","description":"MI D-1 Perekat Bata Ringan - 40Kg - Retail","description2":"","unitOfMeasure":"Zak","quantity":800,"outstandingQuantity":800,"qtyToInvoice":0,"qtyToShip":0,"unitPrice":44077,"unitCostLcy":35280,"vatPercent":11,"lineDiscountPercent":0,"lineDiscountAmount":0,"amount":35261600,"amountIncludingVat":39140376,"allowInvoiceDisc":true,"grossWeight":40,"netWeight":0,"unitsPerParcel":0,"unitVolume":0,"applToItemEntry":0,"shortcutDimension1Code":"","shortcutDimension2Code":"","customerPriceGroup":"","jobNumber":"","workTypeCode":"","recalculateInvoiceDisc":true,"outstandingAmount":39140376,"qtyShippedNotInvoiced":0,"shippedNotInvoiced":0,"quantityShipped":0,"quantityInvoiced":0,"shipmentNumber":"","shipmentLineNumber":0,"profitPercent":0,"billToCustomerNumber":"CST0006","invDiscountAmount":0,"purchaseOrderNumber":"","purchOrderLineNumber":0,"dropShipment":false,"genBusPostingGroup":"DOMESTIC","genProdPostingGroup":"FINISHED GOODS","vatCalculationType":"Normal VAT","transactionType":"","transportMethod":"FRC","attachedToLineNumber":0,"exitPoint":"","area":"","transactionSpecification":"","taxCategory":"","taxAreaCode":"","taxLiable":false,"taxGroupCode":"","vatClauseCode":"","vatBusPostingGroup":"PKP","vatProdPostingGroup":"PPN 11%","currencyCode":"","outstandingAmountLcy":39140376,"shippedNotInvoicedLcy":0,"shippedNotInvLcyNoVat":0,"reservedQuantity":0,"reserve":"Never","blanketOrderNumber":"","blanketOrderLineNumber":0,"vatBaseAmount":35261600,"unitCost":35280,"systemCreatedEntry":false,"lineAmount":35261600,"vatDifference":0,"invDiscAmountToInvoice":0,"vatIdentifier":"PPN 11%","icPartnerRefType":" ","icPartnerReference":"","prepaymentPercent":0,"prepmtLineAmount":0,"prepmtAmtInv":0,"prepmtAmtInclVat":0,"prepaymentAmount":0,"prepmtVatBaseAmt":0,"prepaymentVatPercent":0,"prepmtVatCalcType":"Normal VAT","prepaymentVatIdentifier":"","prepaymentTaxAreaCode":"","prepaymentTaxLiable":false,"prepaymentTaxGroupCode":"","prepmtAmtToDeduct":0,"prepmtAmtDeducted":0,"prepaymentLine":false,"prepmtAmountInvInclVat":0,"prepmtAmountInvLcy":0,"icPartnerCode":"","prepmtVatAmountInvLcy":0,"prepaymentVatDifference":0,"prepmtVatDiffToDeduct":0,"prepmtVatDiffDeducted":0,"dimensionSetId":0,"qtyToAssembleToOrder":0,"qtyToAsmToOrderBase":0,"atoWhseOutstandingQty":0,"atoWhseOutstdQtyBase":0,"jobTaskNumber":"","jobContractEntryNumber":0,"postingDate":"2024-02-13","deferralCode":"","returnsDeferralStartDate":"0001-01-01","variantCode":"","binCode":"","qtyPerUnitOfMeasure":1,"planned":false,"unitOfMeasureCode":"ZAK","quantityBase":800,"outstandingQtyBase":800,"qtyToInvoiceBase":0,"qtyToShipBase":0,"qtyShippedNotInvdBase":0,"qtyShippedBase":0,"qtyInvoicedBase":0,"reservedQtyBase":0,"faPostingDate":"0001-01-01","depreciationBookCode":"","deprUntilFaPostingDate":false,"duplicateInDepreciationBook":"","useDuplicationList":false,"responsibilityCenter":"","outOfStockSubstitution":false,"substitutionAvailable":false,"originallyOrderedNumber":"","originallyOrderedVarCode":"","crossReferenceNumber":"","unitOfMeasureCrossRef":"","crossReferenceType":" ","crossReferenceTypeNumber":"","itemCategoryCode":"","nonstock":false,"purchasingCode":"","specialOrder":false,"specialOrderPurchaseNumber":"","specialOrderPurchLineNumber":0,"whseOutstandingQty":0,"whseOutstandingQtyBase":0,"completelyShipped":false,"requestedDeliveryDate":"2024-02-13","promisedDeliveryDate":"2024-02-13","shippingTime":"","outboundWhseHandlingTime":"","plannedDeliveryDate":"2024-02-13","plannedShipmentDate":"2024-02-13","shippingAgentCode":"","shippingAgentServiceCode":"","allowItemChargeAssignment":true,"qtyToAssign":0,"qtyAssigned":0,"returnQtyToReceive":0,"returnQtyToReceiveBase":0,"returnQtyRcdNotInvd":0,"retQtyRcdNotInvdBase":0,"returnRcdNotInvd":0,"returnRcdNotInvdLcy":0,"returnQtyReceived":0,"returnQtyReceivedBase":0,"applFromItemEntry":0,"bomItemNumber":"","returnReceiptNumber":"","returnReceiptLineNumber":0,"returnReasonCode":"","allowLineDisc":true,"customerDiscGroup":"","subtype":" ","priceDescription":""},{"@odata.etag":"W/\"JzQ0O0hObTVac0VCZS9sd0MyMVNGSFp3dmlGVFpIV2ZlUEYwRE9rV1NQbE9DTlE9MTswMDsn\"","documentType":"Order","documentNumber":"SOR-MKI/02/24/0271","lineNumber":10,"sellToCustomerNumber":"CST0006","type":"Item","number":"121-701-0007","locationCode":"NAROGONG","postingGroup":"FINISHED GOODS","shipmentDate":"2024-02-13","description":"MI D-1 Perekat Bata Ringan - 40Kg - Retail","description2":"","unitOfMeasure":"Zak","quantity":200,"outstandingQuantity":200,"qtyToInvoice":0,"qtyToShip":0,"unitPrice":44077,"unitCostLcy":35280,"vatPercent":11,"lineDiscountPercent":0,"lineDiscountAmount":0,"amount":8815400,"amountIncludingVat":9785094,"allowInvoiceDisc":true,"grossWeight":40,"netWeight":0,"unitsPerParcel":0,"unitVolume":0,"applToItemEntry":0,"shortcutDimension1Code":"","shortcutDimension2Code":"","customerPriceGroup":"","jobNumber":"","workTypeCode":"","recalculateInvoiceDisc":true,"outstandingAmount":9785094,"qtyShippedNotInvoiced":0,"shippedNotInvoiced":0,"quantityShipped":0,"quantityInvoiced":0,"shipmentNumber":"","shipmentLineNumber":0,"profitPercent":0,"billToCustomerNumber":"CST0006","invDiscountAmount":0,"purchaseOrderNumber":"","purchOrderLineNumber":0,"dropShipment":false,"genBusPostingGroup":"DOMESTIC","genProdPostingGroup":"FINISHED GOODS","vatCalculationType":"Normal VAT","transactionType":"","transportMethod":"FOT","attachedToLineNumber":0,"exitPoint":"","area":"","transactionSpecification":"","taxCategory":"","taxAreaCode":"","taxLiable":false,"taxGroupCode":"","vatClauseCode":"","vatBusPostingGroup":"PKP","vatProdPostingGroup":"PPN 11%","currencyCode":"","outstandingAmountLcy":9785094,"shippedNotInvoicedLcy":0,"shippedNotInvLcyNoVat":0,"reservedQuantity":0,"reserve":"Never","blanketOrderNumber":"","blanketOrderLineNumber":0,"vatBaseAmount":8815400,"unitCost":35280,"systemCreatedEntry":false,"lineAmount":8815400,"vatDifference":0,"invDiscAmountToInvoice":0,"vatIdentifier":"PPN 11%","icPartnerRefType":" ","icPartnerReference":"","prepaymentPercent":0,"prepmtLineAmount":0,"prepmtAmtInv":0,"prepmtAmtInclVat":0,"prepaymentAmount":0,"prepmtVatBaseAmt":0,"prepaymentVatPercent":0,"prepmtVatCalcType":"Normal VAT","prepaymentVatIdentifier":"","prepaymentTaxAreaCode":"","prepaymentTaxLiable":false,"prepaymentTaxGroupCode":"","prepmtAmtToDeduct":0,"prepmtAmtDeducted":0,"prepaymentLine":false,"prepmtAmountInvInclVat":0,"prepmtAmountInvLcy":0,"icPartnerCode":"","prepmtVatAmountInvLcy":0,"prepaymentVatDifference":0,"prepmtVatDiffToDeduct":0,"prepmtVatDiffDeducted":0,"dimensionSetId":0,"qtyToAssembleToOrder":0,"qtyToAsmToOrderBase":0,"atoWhseOutstandingQty":0,"atoWhseOutstdQtyBase":0,"jobTaskNumber":"","jobContractEntryNumber":0,"postingDate":"2024-02-13","deferralCode":"","returnsDeferralStartDate":"0001-01-01","variantCode":"","binCode":"","qtyPerUnitOfMeasure":1,"planned":false,"unitOfMeasureCode":"ZAK","quantityBase":200,"outstandingQtyBase":200,"qtyToInvoiceBase":0,"qtyToShipBase":0,"qtyShippedNotInvdBase":0,"qtyShippedBase":0,"qtyInvoicedBase":0,"reservedQtyBase":0,"faPostingDate":"0001-01-01","depreciationBookCode":"","deprUntilFaPostingDate":false,"duplicateInDepreciationBook":"","useDuplicationList":false,"responsibilityCenter":"","outOfStockSubstitution":false,"substitutionAvailable":false,"originallyOrderedNumber":"","originallyOrderedVarCode":"","crossReferenceNumber":"","unitOfMeasureCrossRef":"","crossReferenceType":" ","crossReferenceTypeNumber":"","itemCategoryCode":"","nonstock":false,"purchasingCode":"","specialOrder":false,"specialOrderPurchaseNumber":"","specialOrderPurchLineNumber":0,"whseOutstandingQty":0,"whseOutstandingQtyBase":0,"completelyShipped":false,"requestedDeliveryDate":"2024-02-13","promisedDeliveryDate":"2024-02-13","shippingTime":"","outboundWhseHandlingTime":"","plannedDeliveryDate":"2024-02-13","plannedShipmentDate":"2024-02-13","shippingAgentCode":"","shippingAgentServiceCode":"","allowItemChargeAssignment":true,"qtyToAssign":0,"qtyAssigned":0,"returnQtyToReceive":0,"returnQtyToReceiveBase":0,"returnQtyRcdNotInvd":0,"retQtyRcdNotInvdBase":0,"returnRcdNotInvd":0,"returnRcdNotInvdLcy":0,"returnQtyReceived":0,"returnQtyReceivedBase":0,"applFromItemEntry":0,"bomItemNumber":"","returnReceiptNumber":"","returnReceiptLineNumber":0,"returnReasonCode":"","allowLineDisc":true,"customerDiscGroup":"","subtype":" ","priceDescription":""},{"@odata.etag":"W/\"JzQ0O0pyTEpSeUl0cjFNdm1JTTJnRE1jZWFwQ2hlZHNycHdiRzAxWW9NMHJWWGc9MTswMDsn\"","documentType":"Order","documentNumber":"SOR-MKI/02/24/0272","lineNumber":10,"sellToCustomerNumber":"CST0006","type":"Item","number":"121-701-0007","locationCode":"NAROGONG","postingGroup":"FINISHED GOODS","shipmentDate":"2024-02-13","description":"MI D-1 Perekat Bata Ringan - 40Kg - Retail","description2":"","unitOfMeasure":"Zak","quantity":800,"outstandingQuantity":800,"qtyToInvoice":0,"qtyToShip":0,"unitPrice":38000,"unitCostLcy":35280,"vatPercent":11,"lineDiscountPercent":0,"lineDiscountAmount":0,"amount":30400000,"amountIncludingVat":33744000,"allowInvoiceDisc":true,"grossWeight":40,"netWeight":0,"unitsPerParcel":0,"unitVolume":0,"applToItemEntry":0,"shortcutDimension1Code":"","shortcutDimension2Code":"","customerPriceGroup":"","jobNumber":"","workTypeCode":"","recalculateInvoiceDisc":true,"outstandingAmount":33744000,"qtyShippedNotInvoiced":0,"shippedNotInvoiced":0,"quantityShipped":0,"quantityInvoiced":0,"shipmentNumber":"","shipmentLineNumber":0,"profitPercent":0,"billToCustomerNumber":"CST0006","invDiscountAmount":0,"purchaseOrderNumber":"","purchOrderLineNumber":0,"dropShipment":false,"genBusPostingGroup":"DOMESTIC","genProdPostingGroup":"FINISHED GOODS","vatCalculationType":"Normal VAT","transactionType":"","transportMethod":"FRC","attachedToLineNumber":0,"exitPoint":"","area":"","transactionSpecification":"","taxCategory":"","taxAreaCode":"","taxLiable":false,"taxGroupCode":"","vatClauseCode":"","vatBusPostingGroup":"PKP","vatProdPostingGroup":"PPN 11%","currencyCode":"","outstandingAmountLcy":33744000,"shippedNotInvoicedLcy":0,"shippedNotInvLcyNoVat":0,"reservedQuantity":0,"reserve":"Never","blanketOrderNumber":"","blanketOrderLineNumber":0,"vatBaseAmount":30400000,"unitCost":35280,"systemCreatedEntry":false,"lineAmount":30400000,"vatDifference":0,"invDiscAmountToInvoice":0,"vatIdentifier":"PPN 11%","icPartnerRefType":" ","icPartnerReference":"","prepaymentPercent":0,"prepmtLineAmount":0,"prepmtAmtInv":0,"prepmtAmtInclVat":0,"prepaymentAmount":0,"prepmtVatBaseAmt":0,"prepaymentVatPercent":0,"prepmtVatCalcType":"Normal VAT","prepaymentVatIdentifier":"","prepaymentTaxAreaCode":"","prepaymentTaxLiable":false,"prepaymentTaxGroupCode":"","prepmtAmtToDeduct":0,"prepmtAmtDeducted":0,"prepaymentLine":false,"prepmtAmountInvInclVat":0,"prepmtAmountInvLcy":0,"icPartnerCode":"","prepmtVatAmountInvLcy":0,"prepaymentVatDifference":0,"prepmtVatDiffToDeduct":0,"prepmtVatDiffDeducted":0,"dimensionSetId":0,"qtyToAssembleToOrder":0,"qtyToAsmToOrderBase":0,"atoWhseOutstandingQty":0,"atoWhseOutstdQtyBase":0,"jobTaskNumber":"","jobContractEntryNumber":0,"postingDate":"2024-02-13","deferralCode":"","returnsDeferralStartDate":"0001-01-01","variantCode":"","binCode":"","qtyPerUnitOfMeasure":1,"planned":false,"unitOfMeasureCode":"ZAK","quantityBase":800,"outstandingQtyBase":800,"qtyToInvoiceBase":0,"qtyToShipBase":0,"qtyShippedNotInvdBase":0,"qtyShippedBase":0,"qtyInvoicedBase":0,"reservedQtyBase":0,"faPostingDate":"0001-01-01","depreciationBookCode":"","deprUntilFaPostingDate":false,"duplicateInDepreciationBook":"","useDuplicationList":false,"responsibilityCenter":"","outOfStockSubstitution":false,"substitutionAvailable":false,"originallyOrderedNumber":"","originallyOrderedVarCode":"","crossReferenceNumber":"","unitOfMeasureCrossRef":"","crossReferenceType":" ","crossReferenceTypeNumber":"","itemCategoryCode":"","nonstock":false,"purchasingCode":"","specialOrder":false,"specialOrderPurchaseNumber":"","specialOrderPurchLineNumber":0,"whseOutstandingQty":0,"whseOutstandingQtyBase":0,"completelyShipped":false,"requestedDeliveryDate":"2024-02-13","promisedDeliveryDate":"2024-02-13","shippingTime":"","outboundWhseHandlingTime":"","plannedDeliveryDate":"2024-02-13","plannedShipmentDate":"2024-02-13","shippingAgentCode":"","shippingAgentServiceCode":"","allowItemChargeAssignment":true,"qtyToAssign":0,"qtyAssigned":0,"returnQtyToReceive":0,"returnQtyToReceiveBase":0,"returnQtyRcdNotInvd":0,"retQtyRcdNotInvdBase":0,"returnRcdNotInvd":0,"returnRcdNotInvdLcy":0,"returnQtyReceived":0,"returnQtyReceivedBase":0,"applFromItemEntry":0,"bomItemNumber":"","returnReceiptNumber":"","returnReceiptLineNumber":0,"returnReasonCode":"","allowLineDisc":true,"customerDiscGroup":"","subtype":" ","priceDescription":""},{"@odata.etag":"W/\"JzQ0O2xXbVdPcnNqMlN2TXpvZ3UxWmI1QmFnekpoVUhBS1FuUFExYk1zZ21Iamc9MTswMDsn\"","documentType":"Order","documentNumber":"SOR-MKI/02/24/0273","lineNumber":10,"sellToCustomerNumber":"CST0006","type":"Item","number":"121-701-0007","locationCode":"NAROGONG","postingGroup":"FINISHED GOODS","shipmentDate":"2024-02-13","description":"MI D-1 Perekat Bata Ringan - 40Kg - Retail","description2":"","unitOfMeasure":"Zak","quantity":800,"outstandingQuantity":800,"qtyToInvoice":0,"qtyToShip":0,"unitPrice":38000,"unitCostLcy":35280,"vatPercent":11,"lineDiscountPercent":0,"lineDiscountAmount":0,"amount":30400000,"amountIncludingVat":33744000,"allowInvoiceDisc":true,"grossWeight":40,"netWeight":0,"unitsPerParcel":0,"unitVolume":0,"applToItemEntry":0,"shortcutDimension1Code":"","shortcutDimension2Code":"","customerPriceGroup":"","jobNumber":"","workTypeCode":"","recalculateInvoiceDisc":true,"outstandingAmount":33744000,"qtyShippedNotInvoiced":0,"shippedNotInvoiced":0,"quantityShipped":0,"quantityInvoiced":0,"shipmentNumber":"","shipmentLineNumber":0,"profitPercent":0,"billToCustomerNumber":"CST0006","invDiscountAmount":0,"purchaseOrderNumber":"","purchOrderLineNumber":0,"dropShipment":false,"genBusPostingGroup":"DOMESTIC","genProdPostingGroup":"FINISHED GOODS","vatCalculationType":"Normal VAT","transactionType":"","transportMethod":"FRC","attachedToLineNumber":0,"exitPoint":"","area":"","transactionSpecification":"","taxCategory":"","taxAreaCode":"","taxLiable":false,"taxGroupCode":"","vatClauseCode":"","vatBusPostingGroup":"PKP","vatProdPostingGroup":"PPN 11%","currencyCode":"","outstandingAmountLcy":33744000,"shippedNotInvoicedLcy":0,"shippedNotInvLcyNoVat":0,"reservedQuantity":0,"reserve":"Never","blanketOrderNumber":"","blanketOrderLineNumber":0,"vatBaseAmount":30400000,"unitCost":35280,"systemCreatedEntry":false,"lineAmount":30400000,"vatDifference":0,"invDiscAmountToInvoice":0,"vatIdentifier":"PPN 11%","icPartnerRefType":" ","icPartnerReference":"","prepaymentPercent":0,"prepmtLineAmount":0,"prepmtAmtInv":0,"prepmtAmtInclVat":0,"prepaymentAmount":0,"prepmtVatBaseAmt":0,"prepaymentVatPercent":0,"prepmtVatCalcType":"Normal VAT","prepaymentVatIdentifier":"","prepaymentTaxAreaCode":"","prepaymentTaxLiable":false,"prepaymentTaxGroupCode":"","prepmtAmtToDeduct":0,"prepmtAmtDeducted":0,"prepaymentLine":false,"prepmtAmountInvInclVat":0,"prepmtAmountInvLcy":0,"icPartnerCode":"","prepmtVatAmountInvLcy":0,"prepaymentVatDifference":0,"prepmtVatDiffToDeduct":0,"prepmtVatDiffDeducted":0,"dimensionSetId":0,"qtyToAssembleToOrder":0,"qtyToAsmToOrderBase":0,"atoWhseOutstandingQty":0,"atoWhseOutstdQtyBase":0,"jobTaskNumber":"","jobContractEntryNumber":0,"postingDate":"2024-02-13","deferralCode":"","returnsDeferralStartDate":"0001-01-01","variantCode":"","binCode":"","qtyPerUnitOfMeasure":1,"planned":false,"unitOfMeasureCode":"ZAK","quantityBase":800,"outstandingQtyBase":800,"qtyToInvoiceBase":0,"qtyToShipBase":0,"qtyShippedNotInvdBase":0,"qtyShippedBase":0,"qtyInvoicedBase":0,"reservedQtyBase":0,"faPostingDate":"0001-01-01","depreciationBookCode":"","deprUntilFaPostingDate":false,"duplicateInDepreciationBook":"","useDuplicationList":false,"responsibilityCenter":"","outOfStockSubstitution":false,"substitutionAvailable":false,"originallyOrderedNumber":"","originallyOrderedVarCode":"","crossReferenceNumber":"","unitOfMeasureCrossRef":"","crossReferenceType":" ","crossReferenceTypeNumber":"","itemCategoryCode":"","nonstock":false,"purchasingCode":"","specialOrder":false,"specialOrderPurchaseNumber":"","specialOrderPurchLineNumber":0,"whseOutstandingQty":0,"whseOutstandingQtyBase":0,"completelyShipped":false,"requestedDeliveryDate":"2024-02-13","promisedDeliveryDate":"2024-02-13","shippingTime":"","outboundWhseHandlingTime":"","plannedDeliveryDate":"2024-02-13","plannedShipmentDate":"2024-02-13","shippingAgentCode":"","shippingAgentServiceCode":"","allowItemChargeAssignment":true,"qtyToAssign":0,"qtyAssigned":0,"returnQtyToReceive":0,"returnQtyToReceiveBase":0,"returnQtyRcdNotInvd":0,"retQtyRcdNotInvdBase":0,"returnRcdNotInvd":0,"returnRcdNotInvdLcy":0,"returnQtyReceived":0,"returnQtyReceivedBase":0,"applFromItemEntry":0,"bomItemNumber":"","returnReceiptNumber":"","returnReceiptLineNumber":0,"returnReasonCode":"","allowLineDisc":true,"customerDiscGroup":"","subtype":" ","priceDescription":""},{"@odata.etag":"W/\"JzQ0O2RpdzdQK3loUGtXTGFwK3RPcnlSVWNMZzRKZW5tOGs1UU9odHY5dGhXeTQ9MTswMDsn\"","documentType":"Order","documentNumber":"SOR-MKI/02/24/0274","lineNumber":10,"sellToCustomerNumber":"CST0006","type":"Item","number":"121-701-0007","locationCode":"NAROGONG","postingGroup":"FINISHED GOODS","shipmentDate":"2024-02-13","description":"MI D-1 Perekat Bata Ringan - 40Kg - Retail","description2":"","unitOfMeasure":"Zak","quantity":800,"outstandingQuantity":800,"qtyToInvoice":0,"qtyToShip":0,"unitPrice":38000,"unitCostLcy":35280,"vatPercent":11,"lineDiscountPercent":0,"lineDiscountAmount":0,"amount":30400000,"amountIncludingVat":33744000,"allowInvoiceDisc":true,"grossWeight":40,"netWeight":0,"unitsPerParcel":0,"unitVolume":0,"applToItemEntry":0,"shortcutDimension1Code":"","shortcutDimension2Code":"","customerPriceGroup":"","jobNumber":"","workTypeCode":"","recalculateInvoiceDisc":true,"outstandingAmount":33744000,"qtyShippedNotInvoiced":0,"shippedNotInvoiced":0,"quantityShipped":0,"quantityInvoiced":0,"shipmentNumber":"","shipmentLineNumber":0,"profitPercent":0,"billToCustomerNumber":"CST0006","invDiscountAmount":0,"purchaseOrderNumber":"","purchOrderLineNumber":0,"dropShipment":false,"genBusPostingGroup":"DOMESTIC","genProdPostingGroup":"FINISHED GOODS","vatCalculationType":"Normal VAT","transactionType":"","transportMethod":"FRC","attachedToLineNumber":0,"exitPoint":"","area":"","transactionSpecification":"","taxCategory":"","taxAreaCode":"","taxLiable":false,"taxGroupCode":"","vatClauseCode":"","vatBusPostingGroup":"PKP","vatProdPostingGroup":"PPN 11%","currencyCode":"","outstandingAmountLcy":33744000,"shippedNotInvoicedLcy":0,"shippedNotInvLcyNoVat":0,"reservedQuantity":0,"reserve":"Never","blanketOrderNumber":"","blanketOrderLineNumber":0,"vatBaseAmount":30400000,"unitCost":35280,"systemCreatedEntry":false,"lineAmount":30400000,"vatDifference":0,"invDiscAmountToInvoice":0,"vatIdentifier":"PPN 11%","icPartnerRefType":" ","icPartnerReference":"","prepaymentPercent":0,"prepmtLineAmount":0,"prepmtAmtInv":0,"prepmtAmtInclVat":0,"prepaymentAmount":0,"prepmtVatBaseAmt":0,"prepaymentVatPercent":0,"prepmtVatCalcType":"Normal VAT","prepaymentVatIdentifier":"","prepaymentTaxAreaCode":"","prepaymentTaxLiable":false,"prepaymentTaxGroupCode":"","prepmtAmtToDeduct":0,"prepmtAmtDeducted":0,"prepaymentLine":false,"prepmtAmountInvInclVat":0,"prepmtAmountInvLcy":0,"icPartnerCode":"","prepmtVatAmountInvLcy":0,"prepaymentVatDifference":0,"prepmtVatDiffToDeduct":0,"prepmtVatDiffDeducted":0,"dimensionSetId":0,"qtyToAssembleToOrder":0,"qtyToAsmToOrderBase":0,"atoWhseOutstandingQty":0,"atoWhseOutstdQtyBase":0,"jobTaskNumber":"","jobContractEntryNumber":0,"postingDate":"2024-02-13","deferralCode":"","returnsDeferralStartDate":"0001-01-01","variantCode":"","binCode":"","qtyPerUnitOfMeasure":1,"planned":false,"unitOfMeasureCode":"ZAK","quantityBase":800,"outstandingQtyBase":800,"qtyToInvoiceBase":0,"qtyToShipBase":0,"qtyShippedNotInvdBase":0,"qtyShippedBase":0,"qtyInvoicedBase":0,"reservedQtyBase":0,"faPostingDate":"0001-01-01","depreciationBookCode":"","deprUntilFaPostingDate":false,"duplicateInDepreciationBook":"","useDuplicationList":false,"responsibilityCenter":"","outOfStockSubstitution":false,"substitutionAvailable":false,"originallyOrderedNumber":"","originallyOrderedVarCode":"","crossReferenceNumber":"","unitOfMeasureCrossRef":"","crossReferenceType":" ","crossReferenceTypeNumber":"","itemCategoryCode":"","nonstock":false,"purchasingCode":"","specialOrder":false,"specialOrderPurchaseNumber":"","specialOrderPurchLineNumber":0,"whseOutstandingQty":0,"whseOutstandingQtyBase":0,"completelyShipped":false,"requestedDeliveryDate":"2024-02-13","promisedDeliveryDate":"2024-02-13","shippingTime":"","outboundWhseHandlingTime":"","plannedDeliveryDate":"2024-02-13","plannedShipmentDate":"2024-02-13","shippingAgentCode":"","shippingAgentServiceCode":"","allowItemChargeAssignment":true,"qtyToAssign":0,"qtyAssigned":0,"returnQtyToReceive":0,"returnQtyToReceiveBase":0,"returnQtyRcdNotInvd":0,"retQtyRcdNotInvdBase":0,"returnRcdNotInvd":0,"returnRcdNotInvdLcy":0,"returnQtyReceived":0,"returnQtyReceivedBase":0,"applFromItemEntry":0,"bomItemNumber":"","returnReceiptNumber":"","returnReceiptLineNumber":0,"returnReasonCode":"","allowLineDisc":true,"customerDiscGroup":"","subtype":" ","priceDescription":""},{"@odata.etag":"W/\"JzQ0O0haS1praS9HM3F1dkw0a0JGUWkxQTh6NkpJNFFKTy9lMXpwUjVHaFNvaU09MTswMDsn\"","documentType":"Order","documentNumber":"SOR-MKI/02/24/0275","lineNumber":10,"sellToCustomerNumber":"CST0006","type":"Item","number":"121-701-0007","locationCode":"NAROGONG","postingGroup":"FINISHED GOODS","shipmentDate":"2024-02-13","description":"MI D-1 Perekat Bata Ringan - 40Kg - Retail","description2":"","unitOfMeasure":"Zak","quantity":800,"outstandingQuantity":800,"qtyToInvoice":0,"qtyToShip":0,"unitPrice":38000,"unitCostLcy":35280,"vatPercent":11,"lineDiscountPercent":0,"lineDiscountAmount":0,"amount":30400000,"amountIncludingVat":33744000,"allowInvoiceDisc":true,"grossWeight":40,"netWeight":0,"unitsPerParcel":0,"unitVolume":0,"applToItemEntry":0,"shortcutDimension1Code":"","shortcutDimension2Code":"","customerPriceGroup":"","jobNumber":"","workTypeCode":"","recalculateInvoiceDisc":true,"outstandingAmount":33744000,"qtyShippedNotInvoiced":0,"shippedNotInvoiced":0,"quantityShipped":0,"quantityInvoiced":0,"shipmentNumber":"","shipmentLineNumber":0,"profitPercent":0,"billToCustomerNumber":"CST0006","invDiscountAmount":0,"purchaseOrderNumber":"","purchOrderLineNumber":0,"dropShipment":false,"genBusPostingGroup":"DOMESTIC","genProdPostingGroup":"FINISHED GOODS","vatCalculationType":"Normal VAT","transactionType":"","transportMethod":"FRC","attachedToLineNumber":0,"exitPoint":"","area":"","transactionSpecification":"","taxCategory":"","taxAreaCode":"","taxLiable":false,"taxGroupCode":"","vatClauseCode":"","vatBusPostingGroup":"PKP","vatProdPostingGroup":"PPN 11%","currencyCode":"","outstandingAmountLcy":33744000,"shippedNotInvoicedLcy":0,"shippedNotInvLcyNoVat":0,"reservedQuantity":0,"reserve":"Never","blanketOrderNumber":"","blanketOrderLineNumber":0,"vatBaseAmount":30400000,"unitCost":35280,"systemCreatedEntry":false,"lineAmount":30400000,"vatDifference":0,"invDiscAmountToInvoice":0,"vatIdentifier":"PPN 11%","icPartnerRefType":" ","icPartnerReference":"","prepaymentPercent":0,"prepmtLineAmount":0,"prepmtAmtInv":0,"prepmtAmtInclVat":0,"prepaymentAmount":0,"prepmtVatBaseAmt":0,"prepaymentVatPercent":0,"prepmtVatCalcType":"Normal VAT","prepaymentVatIdentifier":"","prepaymentTaxAreaCode":"","prepaymentTaxLiable":false,"prepaymentTaxGroupCode":"","prepmtAmtToDeduct":0,"prepmtAmtDeducted":0,"prepaymentLine":false,"prepmtAmountInvInclVat":0,"prepmtAmountInvLcy":0,"icPartnerCode":"","prepmtVatAmountInvLcy":0,"prepaymentVatDifference":0,"prepmtVatDiffToDeduct":0,"prepmtVatDiffDeducted":0,"dimensionSetId":0,"qtyToAssembleToOrder":0,"qtyToAsmToOrderBase":0,"atoWhseOutstandingQty":0,"atoWhseOutstdQtyBase":0,"jobTaskNumber":"","jobContractEntryNumber":0,"postingDate":"2024-02-13","deferralCode":"","returnsDeferralStartDate":"0001-01-01","variantCode":"","binCode":"","qtyPerUnitOfMeasure":1,"planned":false,"unitOfMeasureCode":"ZAK","quantityBase":800,"outstandingQtyBase":800,"qtyToInvoiceBase":0,"qtyToShipBase":0,"qtyShippedNotInvdBase":0,"qtyShippedBase":0,"qtyInvoicedBase":0,"reservedQtyBase":0,"faPostingDate":"0001-01-01","depreciationBookCode":"","deprUntilFaPostingDate":false,"duplicateInDepreciationBook":"","useDuplicationList":false,"responsibilityCenter":"","outOfStockSubstitution":false,"substitutionAvailable":false,"originallyOrderedNumber":"","originallyOrderedVarCode":"","crossReferenceNumber":"","unitOfMeasureCrossRef":"","crossReferenceType":" ","crossReferenceTypeNumber":"","itemCategoryCode":"","nonstock":false,"purchasingCode":"","specialOrder":false,"specialOrderPurchaseNumber":"","specialOrderPurchLineNumber":0,"whseOutstandingQty":0,"whseOutstandingQtyBase":0,"completelyShipped":false,"requestedDeliveryDate":"2024-02-13","promisedDeliveryDate":"2024-02-13","shippingTime":"","outboundWhseHandlingTime":"","plannedDeliveryDate":"2024-02-13","plannedShipmentDate":"2024-02-13","shippingAgentCode":"","shippingAgentServiceCode":"","allowItemChargeAssignment":true,"qtyToAssign":0,"qtyAssigned":0,"returnQtyToReceive":0,"returnQtyToReceiveBase":0,"returnQtyRcdNotInvd":0,"retQtyRcdNotInvdBase":0,"returnRcdNotInvd":0,"returnRcdNotInvdLcy":0,"returnQtyReceived":0,"returnQtyReceivedBase":0,"applFromItemEntry":0,"bomItemNumber":"","returnReceiptNumber":"","returnReceiptLineNumber":0,"returnReasonCode":"","allowLineDisc":true,"customerDiscGroup":"","subtype":" ","priceDescription":""},{"@odata.etag":"W/\"JzQ0O0hNNEVrdVMxV2dJaVJiRlo3SFpES1dZVU8ydVFERk9HT1dwTmxIbVFvbGM9MTswMDsn\"","documentType":"Order","documentNumber":"SOR-MKI/02/24/0276","lineNumber":10,"sellToCustomerNumber":"CST0006","type":"Item","number":"121-701-0008","locationCode":"NAROGONG","postingGroup":"FINISHED GOODS","shipmentDate":"2024-02-13","description":"MI D-2 Perekat Bata dan Plester  - 40Kg - Retail","description2":"","unitOfMeasure":"Zak","quantity":200,"outstandingQuantity":200,"qtyToInvoice":0,"qtyToShip":0,"unitPrice":34234,"unitCostLcy":27240,"vatPercent":11,"lineDiscountPercent":0,"lineDiscountAmount":0,"amount":6846800,"amountIncludingVat":7599948,"allowInvoiceDisc":true,"grossWeight":40,"netWeight":0,"unitsPerParcel":0,"unitVolume":0,"applToItemEntry":0,"shortcutDimension1Code":"","shortcutDimension2Code":"","customerPriceGroup":"","jobNumber":"","workTypeCode":"","recalculateInvoiceDisc":true,"outstandingAmount":7599948,"qtyShippedNotInvoiced":0,"shippedNotInvoiced":0,"quantityShipped":0,"quantityInvoiced":0,"shipmentNumber":"","shipmentLineNumber":0,"profitPercent":0,"billToCustomerNumber":"CST0006","invDiscountAmount":0,"purchaseOrderNumber":"","purchOrderLineNumber":0,"dropShipment":false,"genBusPostingGroup":"DOMESTIC","genProdPostingGroup":"FINISHED GOODS","vatCalculationType":"Normal VAT","transactionType":"","transportMethod":"FRC","attachedToLineNumber":0,"exitPoint":"","area":"","transactionSpecification":"","taxCategory":"","taxAreaCode":"","taxLiable":false,"taxGroupCode":"","vatClauseCode":"","vatBusPostingGroup":"PKP","vatProdPostingGroup":"PPN 11%","currencyCode":"","outstandingAmountLcy":7599948,"shippedNotInvoicedLcy":0,"shippedNotInvLcyNoVat":0,"reservedQuantity":0,"reserve":"Never","blanketOrderNumber":"","blanketOrderLineNumber":0,"vatBaseAmount":6846800,"unitCost":27240,"systemCreatedEntry":false,"lineAmount":6846800,"vatDifference":0,"invDiscAmountToInvoice":0,"vatIdentifier":"PPN 11%","icPartnerRefType":" ","icPartnerReference":"","prepaymentPercent":0,"prepmtLineAmount":0,"prepmtAmtInv":0,"prepmtAmtInclVat":0,"prepaymentAmount":0,"prepmtVatBaseAmt":0,"prepaymentVatPercent":0,"prepmtVatCalcType":"Normal VAT","prepaymentVatIdentifier":"","prepaymentTaxAreaCode":"","prepaymentTaxLiable":false,"prepaymentTaxGroupCode":"","prepmtAmtToDeduct":0,"prepmtAmtDeducted":0,"prepaymentLine":false,"prepmtAmountInvInclVat":0,"prepmtAmountInvLcy":0,"icPartnerCode":"","prepmtVatAmountInvLcy":0,"prepaymentVatDifference":0,"prepmtVatDiffToDeduct":0,"prepmtVatDiffDeducted":0,"dimensionSetId":0,"qtyToAssembleToOrder":0,"qtyToAsmToOrderBase":0,"atoWhseOutstandingQty":0,"atoWhseOutstdQtyBase":0,"jobTaskNumber":"","jobContractEntryNumber":0,"postingDate":"2024-02-13","deferralCode":"","returnsDeferralStartDate":"0001-01-01","variantCode":"","binCode":"","qtyPerUnitOfMeasure":1,"planned":false,"unitOfMeasureCode":"ZAK","quantityBase":200,"outstandingQtyBase":200,"qtyToInvoiceBase":0,"qtyToShipBase":0,"qtyShippedNotInvdBase":0,"qtyShippedBase":0,"qtyInvoicedBase":0,"reservedQtyBase":0,"faPostingDate":"0001-01-01","depreciationBookCode":"","deprUntilFaPostingDate":false,"duplicateInDepreciationBook":"","useDuplicationList":false,"responsibilityCenter":"","outOfStockSubstitution":false,"substitutionAvailable":false,"originallyOrderedNumber":"","originallyOrderedVarCode":"","crossReferenceNumber":"","unitOfMeasureCrossRef":"","crossReferenceType":" ","crossReferenceTypeNumber":"","itemCategoryCode":"","nonstock":false,"purchasingCode":"","specialOrder":false,"specialOrderPurchaseNumber":"","specialOrderPurchLineNumber":0,"whseOutstandingQty":0,"whseOutstandingQtyBase":0,"completelyShipped":false,"requestedDeliveryDate":"2024-02-13","promisedDeliveryDate":"2024-02-13","shippingTime":"","outboundWhseHandlingTime":"","plannedDeliveryDate":"2024-02-13","plannedShipmentDate":"2024-02-13","shippingAgentCode":"","shippingAgentServiceCode":"","allowItemChargeAssignment":true,"qtyToAssign":0,"qtyAssigned":0,"returnQtyToReceive":0,"returnQtyToReceiveBase":0,"returnQtyRcdNotInvd":0,"retQtyRcdNotInvdBase":0,"returnRcdNotInvd":0,"returnRcdNotInvdLcy":0,"returnQtyReceived":0,"returnQtyReceivedBase":0,"applFromItemEntry":0,"bomItemNumber":"","returnReceiptNumber":"","returnReceiptLineNumber":0,"returnReasonCode":"","allowLineDisc":true,"customerDiscGroup":"","subtype":" ","priceDescription":""},{"@odata.etag":"W/\"JzQ0OzFVUHBSYlBPN3JhZnQzZjhYZklhSkNVa1d1bXBRWHZBK0FIeStTVWJIQm89MTswMDsn\"","documentType":"Order","documentNumber":"SOR-MKI/02/24/0277","lineNumber":10,"sellToCustomerNumber":"CST0006","type":"Item","number":"121-701-0009","locationCode":"NAROGONG","postingGroup":"FINISHED GOODS","shipmentDate":"2024-02-13","description":"MI D-3 Acian Plester dan Beton  - 40Kg - Retail","description2":"","unitOfMeasure":"Zak","quantity":100,"outstandingQuantity":100,"qtyToInvoice":0,"qtyToShip":0,"unitPrice":67771,"unitCostLcy":45880,"vatPercent":11,"lineDiscountPercent":0,"lineDiscountAmount":0,"amount":6777100,"amountIncludingVat":7522581,"allowInvoiceDisc":true,"grossWeight":40,"netWeight":0,"unitsPerParcel":0,"unitVolume":0,"applToItemEntry":0,"shortcutDimension1Code":"","shortcutDimension2Code":"","customerPriceGroup":"","jobNumber":"","workTypeCode":"","recalculateInvoiceDisc":true,"outstandingAmount":7522581,"qtyShippedNotInvoiced":0,"shippedNotInvoiced":0,"quantityShipped":0,"quantityInvoiced":0,"shipmentNumber":"","shipmentLineNumber":0,"profitPercent":0,"billToCustomerNumber":"CST0006","invDiscountAmount":0,"purchaseOrderNumber":"","purchOrderLineNumber":0,"dropShipment":false,"genBusPostingGroup":"DOMESTIC","genProdPostingGroup":"FINISHED GOODS","vatCalculationType":"Normal VAT","transactionType":"","transportMethod":"FRC","attachedToLineNumber":0,"exitPoint":"","area":"","transactionSpecification":"","taxCategory":"","taxAreaCode":"","taxLiable":false,"taxGroupCode":"","vatClauseCode":"","vatBusPostingGroup":"PKP","vatProdPostingGroup":"PPN 11%","currencyCode":"","outstandingAmountLcy":7522581,"shippedNotInvoicedLcy":0,"shippedNotInvLcyNoVat":0,"reservedQuantity":0,"reserve":"Never","blanketOrderNumber":"","blanketOrderLineNumber":0,"vatBaseAmount":6777100,"unitCost":45880,"systemCreatedEntry":false,"lineAmount":6777100,"vatDifference":0,"invDiscAmountToInvoice":0,"vatIdentifier":"PPN 11%","icPartnerRefType":" ","icPartnerReference":"","prepaymentPercent":0,"prepmtLineAmount":0,"prepmtAmtInv":0,"prepmtAmtInclVat":0,"prepaymentAmount":0,"prepmtVatBaseAmt":0,"prepaymentVatPercent":0,"prepmtVatCalcType":"Normal VAT","prepaymentVatIdentifier":"","prepaymentTaxAreaCode":"","prepaymentTaxLiable":false,"prepaymentTaxGroupCode":"","prepmtAmtToDeduct":0,"prepmtAmtDeducted":0,"prepaymentLine":false,"prepmtAmountInvInclVat":0,"prepmtAmountInvLcy":0,"icPartnerCode":"","prepmtVatAmountInvLcy":0,"prepaymentVatDifference":0,"prepmtVatDiffToDeduct":0,"prepmtVatDiffDeducted":0,"dimensionSetId":0,"qtyToAssembleToOrder":0,"qtyToAsmToOrderBase":0,"atoWhseOutstandingQty":0,"atoWhseOutstdQtyBase":0,"jobTaskNumber":"","jobContractEntryNumber":0,"postingDate":"2024-02-13","deferralCode":"","returnsDeferralStartDate":"0001-01-01","variantCode":"","binCode":"","qtyPerUnitOfMeasure":1,"planned":false,"unitOfMeasureCode":"ZAK","quantityBase":100,"outstandingQtyBase":100,"qtyToInvoiceBase":0,"qtyToShipBase":0,"qtyShippedNotInvdBase":0,"qtyShippedBase":0,"qtyInvoicedBase":0,"reservedQtyBase":0,"faPostingDate":"0001-01-01","depreciationBookCode":"","deprUntilFaPostingDate":false,"duplicateInDepreciationBook":"","useDuplicationList":false,"responsibilityCenter":"","outOfStockSubstitution":false,"substitutionAvailable":false,"originallyOrderedNumber":"","originallyOrderedVarCode":"","crossReferenceNumber":"","unitOfMeasureCrossRef":"","crossReferenceType":" ","crossReferenceTypeNumber":"","itemCategoryCode":"","nonstock":false,"purchasingCode":"","specialOrder":false,"specialOrderPurchaseNumber":"","specialOrderPurchLineNumber":0,"whseOutstandingQty":0,"whseOutstandingQtyBase":0,"completelyShipped":false,"requestedDeliveryDate":"2024-02-13","promisedDeliveryDate":"2024-02-13","shippingTime":"","outboundWhseHandlingTime":"","plannedDeliveryDate":"2024-02-13","plannedShipmentDate":"2024-02-13","shippingAgentCode":"","shippingAgentServiceCode":"","allowItemChargeAssignment":true,"qtyToAssign":0,"qtyAssigned":0,"returnQtyToReceive":0,"returnQtyToReceiveBase":0,"returnQtyRcdNotInvd":0,"retQtyRcdNotInvdBase":0,"returnRcdNotInvd":0,"returnRcdNotInvdLcy":0,"returnQtyReceived":0,"returnQtyReceivedBase":0,"applFromItemEntry":0,"bomItemNumber":"","returnReceiptNumber":"","returnReceiptLineNumber":0,"returnReasonCode":"","allowLineDisc":true,"customerDiscGroup":"","subtype":" ","priceDescription":""},{"@odata.etag":"W/\"JzQ0OzF6NUV4OFk4dExNRU5tOGFGNDJqb2hUM2FCU0hSSytqSDRmQWdZTzF6aUE9MTswMDsn\"","documentType":"Order","documentNumber":"SOR-MKI/02/24/0278","lineNumber":10000,"sellToCustomerNumber":"CST0017-P","type":"Item","number":"121-701-0002","locationCode":"NAROGONG","postingGroup":"FINISHED GOODS","shipmentDate":"2024-02-13","description":"MI D-2 Perekat Bata dan Plester - 50Kg - Project","description2":"","unitOfMeasure":"Zak","quantity":320,"outstandingQuantity":160,"qtyToInvoice":160,"qtyToShip":0,"unitPrice":41055,"unitCostLcy":31150,"vatPercent":11,"lineDiscountPercent":0,"lineDiscountAmount":0,"amount":13137600,"amountIncludingVat":14582736,"allowInvoiceDisc":true,"grossWeight":50,"netWeight":0,"unitsPerParcel":0,"unitVolume":0,"applToItemEntry":0,"shortcutDimension1Code":"","shortcutDimension2Code":"","customerPriceGroup":"","jobNumber":"","workTypeCode":"","recalculateInvoiceDisc":true,"outstandingAmount":7291368,"qtyShippedNotInvoiced":160,"shippedNotInvoiced":7291368,"quantityShipped":160,"quantityInvoiced":0,"shipmentNumber":"","shipmentLineNumber":0,"profitPercent":0,"billToCustomerNumber":"CST0017-P","invDiscountAmount":0,"purchaseOrderNumber":"","purchOrderLineNumber":0,"dropShipment":false,"genBusPostingGroup":"DOMESTIC","genProdPostingGroup":"FINISHED GOODS","vatCalculationType":"Normal VAT","transactionType":"","transportMethod":"FRC","attachedToLineNumber":0,"exitPoint":"","area":"","transactionSpecification":"","taxCategory":"","taxAreaCode":"","taxLiable":false,"taxGroupCode":"","vatClauseCode":"","vatBusPostingGroup":"PKP","vatProdPostingGroup":"PPN 11%","currencyCode":"","outstandingAmountLcy":7291368,"shippedNotInvoicedLcy":7291368,"shippedNotInvLcyNoVat":6568800,"reservedQuantity":0,"reserve":"Never","blanketOrderNumber":"","blanketOrderLineNumber":0,"vatBaseAmount":13137600,"unitCost":31150,"systemCreatedEntry":false,"lineAmount":13137600,"vatDifference":0,"invDiscAmountToInvoice":0,"vatIdentifier":"PPN 11%","icPartnerRefType":" ","icPartnerReference":"","prepaymentPercent":0,"prepmtLineAmount":0,"prepmtAmtInv":0,"prepmtAmtInclVat":0,"prepaymentAmount":0,"prepmtVatBaseAmt":0,"prepaymentVatPercent":0,"prepmtVatCalcType":"Normal VAT","prepaymentVatIdentifier":"","prepaymentTaxAreaCode":"","prepaymentTaxLiable":false,"prepaymentTaxGroupCode":"","prepmtAmtToDeduct":0,"prepmtAmtDeducted":0,"prepaymentLine":false,"prepmtAmountInvInclVat":0,"prepmtAmountInvLcy":0,"icPartnerCode":"","prepmtVatAmountInvLcy":0,"prepaymentVatDifference":0,"prepmtVatDiffToDeduct":0,"prepmtVatDiffDeducted":0,"dimensionSetId":0,"qtyToAssembleToOrder":0,"qtyToAsmToOrderBase":0,"atoWhseOutstandingQty":0,"atoWhseOutstdQtyBase":0,"jobTaskNumber":"","jobContractEntryNumber":0,"postingDate":"2024-02-13","deferralCode":"","returnsDeferralStartDate":"0001-01-01","variantCode":"","binCode":"OUTBOUND","qtyPerUnitOfMeasure":1,"planned":false,"unitOfMeasureCode":"ZAK","quantityBase":320,"outstandingQtyBase":160,"qtyToInvoiceBase":160,"qtyToShipBase":0,"qtyShippedNotInvdBase":160,"qtyShippedBase":160,"qtyInvoicedBase":0,"reservedQtyBase":0,"faPostingDate":"0001-01-01","depreciationBookCode":"","deprUntilFaPostingDate":false,"duplicateInDepreciationBook":"","useDuplicationList":false,"responsibilityCenter":"","outOfStockSubstitution":false,"substitutionAvailable":false,"originallyOrderedNumber":"","originallyOrderedVarCode":"","crossReferenceNumber":"","unitOfMeasureCrossRef":"","crossReferenceType":" ","crossReferenceTypeNumber":"","itemCategoryCode":"","nonstock":false,"purchasingCode":"","specialOrder":false,"specialOrderPurchaseNumber":"","specialOrderPurchLineNumber":0,"whseOutstandingQty":0,"whseOutstandingQtyBase":0,"completelyShipped":false,"requestedDeliveryDate":"2024-02-13","promisedDeliveryDate":"2024-02-13","shippingTime":"","outboundWhseHandlingTime":"","plannedDeliveryDate":"2024-02-13","plannedShipmentDate":"2024-02-13","shippingAgentCode":"","shippingAgentServiceCode":"","allowItemChargeAssignment":true,"qtyToAssign":0,"qtyAssigned":0,"returnQtyToReceive":0,"returnQtyToReceiveBase":0,"returnQtyRcdNotInvd":0,"retQtyRcdNotInvdBase":0,"returnRcdNotInvd":0,"returnRcdNotInvdLcy":0,"returnQtyReceived":0,"returnQtyReceivedBase":0,"applFromItemEntry":0,"bomItemNumber":"","returnReceiptNumber":"","returnReceiptLineNumber":0,"returnReasonCode":"","allowLineDisc":true,"customerDiscGroup":"","subtype":" ","priceDescription":""},{"@odata.etag":"W/\"JzQ0O0pHVUVuL0IycTIrOERuVlVLM1RRV3RDcHd5YlRtZDhWS245UWlaa2paNTQ9MTswMDsn\"","documentType":"Order","documentNumber":"SOR-MKI/02/24/0282","lineNumber":10000,"sellToCustomerNumber":"CST0013-P","type":"Item","number":"121-701-0003","locationCode":"NAROGONG","postingGroup":"FINISHED GOODS","shipmentDate":"2024-02-13","description":"MI D-3 Acian Plester dan Beton - 40Kg - Project","description2":"","unitOfMeasure":"Zak","quantity":200,"outstandingQuantity":200,"qtyToInvoice":0,"qtyToShip":0,"unitPrice":47500,"unitCostLcy":43880,"vatPercent":11,"lineDiscountPercent":0,"lineDiscountAmount":0,"amount":9500000,"amountIncludingVat":10545000,"allowInvoiceDisc":true,"grossWeight":40,"netWeight":0,"unitsPerParcel":0,"unitVolume":0,"applToItemEntry":0,"shortcutDimension1Code":"","shortcutDimension2Code":"","customerPriceGroup":"","jobNumber":"","workTypeCode":"","recalculateInvoiceDisc":true,"outstandingAmount":10545000,"qtyShippedNotInvoiced":0,"shippedNotInvoiced":0,"quantityShipped":0,"quantityInvoiced":0,"shipmentNumber":"","shipmentLineNumber":0,"profitPercent":0,"billToCustomerNumber":"CST0013-P","invDiscountAmount":0,"purchaseOrderNumber":"","purchOrderLineNumber":0,"dropShipment":false,"genBusPostingGroup":"DOMESTIC","genProdPostingGroup":"FINISHED GOODS","vatCalculationType":"Normal VAT","transactionType":"","transportMethod":"FRC","attachedToLineNumber":0,"exitPoint":"","area":"","transactionSpecification":"","taxCategory":"","taxAreaCode":"","taxLiable":false,"taxGroupCode":"","vatClauseCode":"","vatBusPostingGroup":"PKP","vatProdPostingGroup":"PPN 11%","currencyCode":"","outstandingAmountLcy":10545000,"shippedNotInvoicedLcy":0,"shippedNotInvLcyNoVat":0,"reservedQuantity":0,"reserve":"Never","blanketOrderNumber":"","blanketOrderLineNumber":0,"vatBaseAmount":9500000,"unitCost":43880,"systemCreatedEntry":false,"lineAmount":9500000,"vatDifference":0,"invDiscAmountToInvoice":0,"vatIdentifier":"PPN 11%","icPartnerRefType":" ","icPartnerReference":"","prepaymentPercent":0,"prepmtLineAmount":0,"prepmtAmtInv":0,"prepmtAmtInclVat":0,"prepaymentAmount":0,"prepmtVatBaseAmt":0,"prepaymentVatPercent":0,"prepmtVatCalcType":"Normal VAT","prepaymentVatIdentifier":"","prepaymentTaxAreaCode":"","prepaymentTaxLiable":false,"prepaymentTaxGroupCode":"","prepmtAmtToDeduct":0,"prepmtAmtDeducted":0,"prepaymentLine":false,"prepmtAmountInvInclVat":0,"prepmtAmountInvLcy":0,"icPartnerCode":"","prepmtVatAmountInvLcy":0,"prepaymentVatDifference":0,"prepmtVatDiffToDeduct":0,"prepmtVatDiffDeducted":0,"dimensionSetId":0,"qtyToAssembleToOrder":0,"qtyToAsmToOrderBase":0,"atoWhseOutstandingQty":0,"atoWhseOutstdQtyBase":0,"jobTaskNumber":"","jobContractEntryNumber":0,"postingDate":"2024-02-13","deferralCode":"","returnsDeferralStartDate":"0001-01-01","variantCode":"","binCode":"","qtyPerUnitOfMeasure":1,"planned":false,"unitOfMeasureCode":"ZAK","quantityBase":200,"outstandingQtyBase":200,"qtyToInvoiceBase":0,"qtyToShipBase":0,"qtyShippedNotInvdBase":0,"qtyShippedBase":0,"qtyInvoicedBase":0,"reservedQtyBase":0,"faPostingDate":"0001-01-01","depreciationBookCode":"","deprUntilFaPostingDate":false,"duplicateInDepreciationBook":"","useDuplicationList":false,"responsibilityCenter":"","outOfStockSubstitution":false,"substitutionAvailable":false,"originallyOrderedNumber":"","originallyOrderedVarCode":"","crossReferenceNumber":"","unitOfMeasureCrossRef":"","crossReferenceType":" ","crossReferenceTypeNumber":"","itemCategoryCode":"","nonstock":false,"purchasingCode":"","specialOrder":false,"specialOrderPurchaseNumber":"","specialOrderPurchLineNumber":0,"whseOutstandingQty":0,"whseOutstandingQtyBase":0,"completelyShipped":false,"requestedDeliveryDate":"2024-02-13","promisedDeliveryDate":"2024-02-13","shippingTime":"","outboundWhseHandlingTime":"","plannedDeliveryDate":"2024-02-13","plannedShipmentDate":"2024-02-13","shippingAgentCode":"","shippingAgentServiceCode":"","allowItemChargeAssignment":true,"qtyToAssign":0,"qtyAssigned":0,"returnQtyToReceive":0,"returnQtyToReceiveBase":0,"returnQtyRcdNotInvd":0,"retQtyRcdNotInvdBase":0,"returnRcdNotInvd":0,"returnRcdNotInvdLcy":0,"returnQtyReceived":0,"returnQtyReceivedBase":0,"applFromItemEntry":0,"bomItemNumber":"","returnReceiptNumber":"","returnReceiptLineNumber":0,"returnReasonCode":"","allowLineDisc":true,"customerDiscGroup":"","subtype":" ","priceDescription":""},{"@odata.etag":"W/\"JzQ0O2VNTUhCS3lPV0hQdW1FNFBrVE1rZkxPNytVdWVXM1JOaTlLZC9ad3pzMmM9MTswMDsn\"","documentType":"Order","documentNumber":"SOR-MKI/02/24/0283","lineNumber":10,"sellToCustomerNumber":"CST0006","type":"Item","number":"121-701-0007","locationCode":"NAROGONG","postingGroup":"FINISHED GOODS","shipmentDate":"2024-02-13","description":"MI D-1 Perekat Bata Ringan - 40Kg - Retail","description2":"","unitOfMeasure":"Zak","quantity":800,"outstandingQuantity":800,"qtyToInvoice":0,"qtyToShip":0,"unitPrice":38000,"unitCostLcy":35280,"vatPercent":11,"lineDiscountPercent":0,"lineDiscountAmount":0,"amount":30400000,"amountIncludingVat":33744000,"allowInvoiceDisc":true,"grossWeight":40,"netWeight":0,"unitsPerParcel":0,"unitVolume":0,"applToItemEntry":0,"shortcutDimension1Code":"","shortcutDimension2Code":"","customerPriceGroup":"","jobNumber":"","workTypeCode":"","recalculateInvoiceDisc":true,"outstandingAmount":33744000,"qtyShippedNotInvoiced":0,"shippedNotInvoiced":0,"quantityShipped":0,"quantityInvoiced":0,"shipmentNumber":"","shipmentLineNumber":0,"profitPercent":0,"billToCustomerNumber":"CST0006","invDiscountAmount":0,"purchaseOrderNumber":"","purchOrderLineNumber":0,"dropShipment":false,"genBusPostingGroup":"DOMESTIC","genProdPostingGroup":"FINISHED GOODS","vatCalculationType":"Normal VAT","transactionType":"","transportMethod":"FRC","attachedToLineNumber":0,"exitPoint":"","area":"","transactionSpecification":"","taxCategory":"","taxAreaCode":"","taxLiable":false,"taxGroupCode":"","vatClauseCode":"","vatBusPostingGroup":"PKP","vatProdPostingGroup":"PPN 11%","currencyCode":"","outstandingAmountLcy":33744000,"shippedNotInvoicedLcy":0,"shippedNotInvLcyNoVat":0,"reservedQuantity":0,"reserve":"Never","blanketOrderNumber":"","blanketOrderLineNumber":0,"vatBaseAmount":30400000,"unitCost":35280,"systemCreatedEntry":false,"lineAmount":30400000,"vatDifference":0,"invDiscAmountToInvoice":0,"vatIdentifier":"PPN 11%","icPartnerRefType":" ","icPartnerReference":"","prepaymentPercent":0,"prepmtLineAmount":0,"prepmtAmtInv":0,"prepmtAmtInclVat":0,"prepaymentAmount":0,"prepmtVatBaseAmt":0,"prepaymentVatPercent":0,"prepmtVatCalcType":"Normal VAT","prepaymentVatIdentifier":"","prepaymentTaxAreaCode":"","prepaymentTaxLiable":false,"prepaymentTaxGroupCode":"","prepmtAmtToDeduct":0,"prepmtAmtDeducted":0,"prepaymentLine":false,"prepmtAmountInvInclVat":0,"prepmtAmountInvLcy":0,"icPartnerCode":"","prepmtVatAmountInvLcy":0,"prepaymentVatDifference":0,"prepmtVatDiffToDeduct":0,"prepmtVatDiffDeducted":0,"dimensionSetId":0,"qtyToAssembleToOrder":0,"qtyToAsmToOrderBase":0,"atoWhseOutstandingQty":0,"atoWhseOutstdQtyBase":0,"jobTaskNumber":"","jobContractEntryNumber":0,"postingDate":"2024-02-13","deferralCode":"","returnsDeferralStartDate":"0001-01-01","variantCode":"","binCode":"","qtyPerUnitOfMeasure":1,"planned":false,"unitOfMeasureCode":"ZAK","quantityBase":800,"outstandingQtyBase":800,"qtyToInvoiceBase":0,"qtyToShipBase":0,"qtyShippedNotInvdBase":0,"qtyShippedBase":0,"qtyInvoicedBase":0,"reservedQtyBase":0,"faPostingDate":"0001-01-01","depreciationBookCode":"","deprUntilFaPostingDate":false,"duplicateInDepreciationBook":"","useDuplicationList":false,"responsibilityCenter":"","outOfStockSubstitution":false,"substitutionAvailable":false,"originallyOrderedNumber":"","originallyOrderedVarCode":"","crossReferenceNumber":"","unitOfMeasureCrossRef":"","crossReferenceType":" ","crossReferenceTypeNumber":"","itemCategoryCode":"","nonstock":false,"purchasingCode":"","specialOrder":false,"specialOrderPurchaseNumber":"","specialOrderPurchLineNumber":0,"whseOutstandingQty":0,"whseOutstandingQtyBase":0,"completelyShipped":false,"requestedDeliveryDate":"2024-02-13","promisedDeliveryDate":"2024-02-13","shippingTime":"","outboundWhseHandlingTime":"","plannedDeliveryDate":"2024-02-13","plannedShipmentDate":"2024-02-13","shippingAgentCode":"","shippingAgentServiceCode":"","allowItemChargeAssignment":true,"qtyToAssign":0,"qtyAssigned":0,"returnQtyToReceive":0,"returnQtyToReceiveBase":0,"returnQtyRcdNotInvd":0,"retQtyRcdNotInvdBase":0,"returnRcdNotInvd":0,"returnRcdNotInvdLcy":0,"returnQtyReceived":0,"returnQtyReceivedBase":0,"applFromItemEntry":0,"bomItemNumber":"","returnReceiptNumber":"","returnReceiptLineNumber":0,"returnReasonCode":"","allowLineDisc":true,"customerDiscGroup":"","subtype":" ","priceDescription":""},{"@odata.etag":"W/\"JzQ0O3ZqVTZmaUxFV1VIRmxRVU1MVHJ0c2pnbVhySGN1Qk1iQU03bzRJUUQ3S1E9MTswMDsn\"","documentType":"Order","documentNumber":"SOR-MKI/02/24/0284","lineNumber":10,"sellToCustomerNumber":"CST0006","type":"Item","number":"121-701-0007","locationCode":"NAROGONG","postingGroup":"FINISHED GOODS","shipmentDate":"2024-02-13","description":"MI D-1 Perekat Bata Ringan - 40Kg - Retail","description2":"","unitOfMeasure":"Zak","quantity":800,"outstandingQuantity":800,"qtyToInvoice":0,"qtyToShip":0,"unitPrice":38000,"unitCostLcy":35280,"vatPercent":11,"lineDiscountPercent":0,"lineDiscountAmount":0,"amount":30400000,"amountIncludingVat":33744000,"allowInvoiceDisc":true,"grossWeight":40,"netWeight":0,"unitsPerParcel":0,"unitVolume":0,"applToItemEntry":0,"shortcutDimension1Code":"","shortcutDimension2Code":"","customerPriceGroup":"","jobNumber":"","workTypeCode":"","recalculateInvoiceDisc":true,"outstandingAmount":33744000,"qtyShippedNotInvoiced":0,"shippedNotInvoiced":0,"quantityShipped":0,"quantityInvoiced":0,"shipmentNumber":"","shipmentLineNumber":0,"profitPercent":0,"billToCustomerNumber":"CST0006","invDiscountAmount":0,"purchaseOrderNumber":"","purchOrderLineNumber":0,"dropShipment":false,"genBusPostingGroup":"DOMESTIC","genProdPostingGroup":"FINISHED GOODS","vatCalculationType":"Normal VAT","transactionType":"","transportMethod":"FRC","attachedToLineNumber":0,"exitPoint":"","area":"","transactionSpecification":"","taxCategory":"","taxAreaCode":"","taxLiable":false,"taxGroupCode":"","vatClauseCode":"","vatBusPostingGroup":"PKP","vatProdPostingGroup":"PPN 11%","currencyCode":"","outstandingAmountLcy":33744000,"shippedNotInvoicedLcy":0,"shippedNotInvLcyNoVat":0,"reservedQuantity":0,"reserve":"Never","blanketOrderNumber":"","blanketOrderLineNumber":0,"vatBaseAmount":30400000,"unitCost":35280,"systemCreatedEntry":false,"lineAmount":30400000,"vatDifference":0,"invDiscAmountToInvoice":0,"vatIdentifier":"PPN 11%","icPartnerRefType":" ","icPartnerReference":"","prepaymentPercent":0,"prepmtLineAmount":0,"prepmtAmtInv":0,"prepmtAmtInclVat":0,"prepaymentAmount":0,"prepmtVatBaseAmt":0,"prepaymentVatPercent":0,"prepmtVatCalcType":"Normal VAT","prepaymentVatIdentifier":"","prepaymentTaxAreaCode":"","prepaymentTaxLiable":false,"prepaymentTaxGroupCode":"","prepmtAmtToDeduct":0,"prepmtAmtDeducted":0,"prepaymentLine":false,"prepmtAmountInvInclVat":0,"prepmtAmountInvLcy":0,"icPartnerCode":"","prepmtVatAmountInvLcy":0,"prepaymentVatDifference":0,"prepmtVatDiffToDeduct":0,"prepmtVatDiffDeducted":0,"dimensionSetId":0,"qtyToAssembleToOrder":0,"qtyToAsmToOrderBase":0,"atoWhseOutstandingQty":0,"atoWhseOutstdQtyBase":0,"jobTaskNumber":"","jobContractEntryNumber":0,"postingDate":"2024-02-13","deferralCode":"","returnsDeferralStartDate":"0001-01-01","variantCode":"","binCode":"","qtyPerUnitOfMeasure":1,"planned":false,"unitOfMeasureCode":"ZAK","quantityBase":800,"outstandingQtyBase":800,"qtyToInvoiceBase":0,"qtyToShipBase":0,"qtyShippedNotInvdBase":0,"qtyShippedBase":0,"qtyInvoicedBase":0,"reservedQtyBase":0,"faPostingDate":"0001-01-01","depreciationBookCode":"","deprUntilFaPostingDate":false,"duplicateInDepreciationBook":"","useDuplicationList":false,"responsibilityCenter":"","outOfStockSubstitution":false,"substitutionAvailable":false,"originallyOrderedNumber":"","originallyOrderedVarCode":"","crossReferenceNumber":"","unitOfMeasureCrossRef":"","crossReferenceType":" ","crossReferenceTypeNumber":"","itemCategoryCode":"","nonstock":false,"purchasingCode":"","specialOrder":false,"specialOrderPurchaseNumber":"","specialOrderPurchLineNumber":0,"whseOutstandingQty":0,"whseOutstandingQtyBase":0,"completelyShipped":false,"requestedDeliveryDate":"2024-02-13","promisedDeliveryDate":"2024-02-13","shippingTime":"","outboundWhseHandlingTime":"","plannedDeliveryDate":"2024-02-13","plannedShipmentDate":"2024-02-13","shippingAgentCode":"","shippingAgentServiceCode":"","allowItemChargeAssignment":true,"qtyToAssign":0,"qtyAssigned":0,"returnQtyToReceive":0,"returnQtyToReceiveBase":0,"returnQtyRcdNotInvd":0,"retQtyRcdNotInvdBase":0,"returnRcdNotInvd":0,"returnRcdNotInvdLcy":0,"returnQtyReceived":0,"returnQtyReceivedBase":0,"applFromItemEntry":0,"bomItemNumber":"","returnReceiptNumber":"","returnReceiptLineNumber":0,"returnReasonCode":"","allowLineDisc":true,"customerDiscGroup":"","subtype":" ","priceDescription":""},{"@odata.etag":"W/\"JzQ0O2FESFNiR1lRcThLZFpybUN2K2ljVExCK09vR1hkSXhUa1AzK2l2alNmOXM9MTswMDsn\"","documentType":"Order","documentNumber":"SOR-MKI/02/24/0285","lineNumber":10,"sellToCustomerNumber":"CST0006","type":"Item","number":"121-701-0007","locationCode":"NAROGONG","postingGroup":"FINISHED GOODS","shipmentDate":"2024-02-13","description":"MI D-1 Perekat Bata Ringan - 40Kg - Retail","description2":"","unitOfMeasure":"Zak","quantity":800,"outstandingQuantity":800,"qtyToInvoice":0,"qtyToShip":0,"unitPrice":44077,"unitCostLcy":35280,"vatPercent":11,"lineDiscountPercent":0,"lineDiscountAmount":0,"amount":35261600,"amountIncludingVat":39140376,"allowInvoiceDisc":true,"grossWeight":40,"netWeight":0,"unitsPerParcel":0,"unitVolume":0,"applToItemEntry":0,"shortcutDimension1Code":"","shortcutDimension2Code":"","customerPriceGroup":"","jobNumber":"","workTypeCode":"","recalculateInvoiceDisc":true,"outstandingAmount":39140376,"qtyShippedNotInvoiced":0,"shippedNotInvoiced":0,"quantityShipped":0,"quantityInvoiced":0,"shipmentNumber":"","shipmentLineNumber":0,"profitPercent":0,"billToCustomerNumber":"CST0006","invDiscountAmount":0,"purchaseOrderNumber":"","purchOrderLineNumber":0,"dropShipment":false,"genBusPostingGroup":"DOMESTIC","genProdPostingGroup":"FINISHED GOODS","vatCalculationType":"Normal VAT","transactionType":"","transportMethod":"FRC","attachedToLineNumber":0,"exitPoint":"","area":"","transactionSpecification":"","taxCategory":"","taxAreaCode":"","taxLiable":false,"taxGroupCode":"","vatClauseCode":"","vatBusPostingGroup":"PKP","vatProdPostingGroup":"PPN 11%","currencyCode":"","outstandingAmountLcy":39140376,"shippedNotInvoicedLcy":0,"shippedNotInvLcyNoVat":0,"reservedQuantity":0,"reserve":"Never","blanketOrderNumber":"","blanketOrderLineNumber":0,"vatBaseAmount":35261600,"unitCost":35280,"systemCreatedEntry":false,"lineAmount":35261600,"vatDifference":0,"invDiscAmountToInvoice":0,"vatIdentifier":"PPN 11%","icPartnerRefType":" ","icPartnerReference":"","prepaymentPercent":0,"prepmtLineAmount":0,"prepmtAmtInv":0,"prepmtAmtInclVat":0,"prepaymentAmount":0,"prepmtVatBaseAmt":0,"prepaymentVatPercent":0,"prepmtVatCalcType":"Normal VAT","prepaymentVatIdentifier":"","prepaymentTaxAreaCode":"","prepaymentTaxLiable":false,"prepaymentTaxGroupCode":"","prepmtAmtToDeduct":0,"prepmtAmtDeducted":0,"prepaymentLine":false,"prepmtAmountInvInclVat":0,"prepmtAmountInvLcy":0,"icPartnerCode":"","prepmtVatAmountInvLcy":0,"prepaymentVatDifference":0,"prepmtVatDiffToDeduct":0,"prepmtVatDiffDeducted":0,"dimensionSetId":0,"qtyToAssembleToOrder":0,"qtyToAsmToOrderBase":0,"atoWhseOutstandingQty":0,"atoWhseOutstdQtyBase":0,"jobTaskNumber":"","jobContractEntryNumber":0,"postingDate":"2024-02-13","deferralCode":"","returnsDeferralStartDate":"0001-01-01","variantCode":"","binCode":"","qtyPerUnitOfMeasure":1,"planned":false,"unitOfMeasureCode":"ZAK","quantityBase":800,"outstandingQtyBase":800,"qtyToInvoiceBase":0,"qtyToShipBase":0,"qtyShippedNotInvdBase":0,"qtyShippedBase":0,"qtyInvoicedBase":0,"reservedQtyBase":0,"faPostingDate":"0001-01-01","depreciationBookCode":"","deprUntilFaPostingDate":false,"duplicateInDepreciationBook":"","useDuplicationList":false,"responsibilityCenter":"","outOfStockSubstitution":false,"substitutionAvailable":false,"originallyOrderedNumber":"","originallyOrderedVarCode":"","crossReferenceNumber":"","unitOfMeasureCrossRef":"","crossReferenceType":" ","crossReferenceTypeNumber":"","itemCategoryCode":"","nonstock":false,"purchasingCode":"","specialOrder":false,"specialOrderPurchaseNumber":"","specialOrderPurchLineNumber":0,"whseOutstandingQty":0,"whseOutstandingQtyBase":0,"completelyShipped":false,"requestedDeliveryDate":"2024-02-13","promisedDeliveryDate":"2024-02-13","shippingTime":"","outboundWhseHandlingTime":"","plannedDeliveryDate":"2024-02-13","plannedShipmentDate":"2024-02-13","shippingAgentCode":"","shippingAgentServiceCode":"","allowItemChargeAssignment":true,"qtyToAssign":0,"qtyAssigned":0,"returnQtyToReceive":0,"returnQtyToReceiveBase":0,"returnQtyRcdNotInvd":0,"retQtyRcdNotInvdBase":0,"returnRcdNotInvd":0,"returnRcdNotInvdLcy":0,"returnQtyReceived":0,"returnQtyReceivedBase":0,"applFromItemEntry":0,"bomItemNumber":"","returnReceiptNumber":"","returnReceiptLineNumber":0,"returnReasonCode":"","allowLineDisc":true,"customerDiscGroup":"","subtype":" ","priceDescription":""},{"@odata.etag":"W/\"JzQ0O1lMUE9QcFpLbzdQbjQyQ3NaTHM0OEdhWDE5OHJyOUlzcURXeFBUcVkvL2M9MTswMDsn\"","documentType":"Order","documentNumber":"SOR-MKI/02/24/0286","lineNumber":10,"sellToCustomerNumber":"CST0006","type":"Item","number":"121-701-0004","locationCode":"NAROGONG","postingGroup":"FINISHED GOODS","shipmentDate":"2024-02-13","description":"MI D-4 Acian Plester  - 40Kg  - Project","description2":"","unitOfMeasure":"Zak","quantity":50,"outstandingQuantity":50,"qtyToInvoice":0,"qtyToShip":0,"unitPrice":35839,"unitCostLcy":40320,"vatPercent":11,"lineDiscountPercent":0,"lineDiscountAmount":0,"amount":1791950,"amountIncludingVat":1989064.5,"allowInvoiceDisc":true,"grossWeight":40,"netWeight":0,"unitsPerParcel":0,"unitVolume":0,"applToItemEntry":0,"shortcutDimension1Code":"","shortcutDimension2Code":"","customerPriceGroup":"","jobNumber":"","workTypeCode":"","recalculateInvoiceDisc":true,"outstandingAmount":1989064.5,"qtyShippedNotInvoiced":0,"shippedNotInvoiced":0,"quantityShipped":0,"quantityInvoiced":0,"shipmentNumber":"","shipmentLineNumber":0,"profitPercent":0,"billToCustomerNumber":"CST0006","invDiscountAmount":0,"purchaseOrderNumber":"","purchOrderLineNumber":0,"dropShipment":false,"genBusPostingGroup":"DOMESTIC","genProdPostingGroup":"FINISHED GOODS","vatCalculationType":"Normal VAT","transactionType":"","transportMethod":"FRC","attachedToLineNumber":0,"exitPoint":"","area":"","transactionSpecification":"","taxCategory":"","taxAreaCode":"","taxLiable":false,"taxGroupCode":"","vatClauseCode":"","vatBusPostingGroup":"PKP","vatProdPostingGroup":"PPN 11%","currencyCode":"","outstandingAmountLcy":1989064.5,"shippedNotInvoicedLcy":0,"shippedNotInvLcyNoVat":0,"reservedQuantity":0,"reserve":"Never","blanketOrderNumber":"","blanketOrderLineNumber":0,"vatBaseAmount":1791950,"unitCost":40320,"systemCreatedEntry":false,"lineAmount":1791950,"vatDifference":0,"invDiscAmountToInvoice":0,"vatIdentifier":"PPN 11%","icPartnerRefType":" ","icPartnerReference":"","prepaymentPercent":0,"prepmtLineAmount":0,"prepmtAmtInv":0,"prepmtAmtInclVat":0,"prepaymentAmount":0,"prepmtVatBaseAmt":0,"prepaymentVatPercent":0,"prepmtVatCalcType":"Normal VAT","prepaymentVatIdentifier":"","prepaymentTaxAreaCode":"","prepaymentTaxLiable":false,"prepaymentTaxGroupCode":"","prepmtAmtToDeduct":0,"prepmtAmtDeducted":0,"prepaymentLine":false,"prepmtAmountInvInclVat":0,"prepmtAmountInvLcy":0,"icPartnerCode":"","prepmtVatAmountInvLcy":0,"prepaymentVatDifference":0,"prepmtVatDiffToDeduct":0,"prepmtVatDiffDeducted":0,"dimensionSetId":0,"qtyToAssembleToOrder":0,"qtyToAsmToOrderBase":0,"atoWhseOutstandingQty":0,"atoWhseOutstdQtyBase":0,"jobTaskNumber":"","jobContractEntryNumber":0,"postingDate":"2024-02-13","deferralCode":"","returnsDeferralStartDate":"0001-01-01","variantCode":"","binCode":"","qtyPerUnitOfMeasure":1,"planned":false,"unitOfMeasureCode":"ZAK","quantityBase":50,"outstandingQtyBase":50,"qtyToInvoiceBase":0,"qtyToShipBase":0,"qtyShippedNotInvdBase":0,"qtyShippedBase":0,"qtyInvoicedBase":0,"reservedQtyBase":0,"faPostingDate":"0001-01-01","depreciationBookCode":"","deprUntilFaPostingDate":false,"duplicateInDepreciationBook":"","useDuplicationList":false,"responsibilityCenter":"","outOfStockSubstitution":false,"substitutionAvailable":false,"originallyOrderedNumber":"","originallyOrderedVarCode":"","crossReferenceNumber":"","unitOfMeasureCrossRef":"","crossReferenceType":" ","crossReferenceTypeNumber":"","itemCategoryCode":"","nonstock":false,"purchasingCode":"","specialOrder":false,"specialOrderPurchaseNumber":"","specialOrderPurchLineNumber":0,"whseOutstandingQty":0,"whseOutstandingQtyBase":0,"completelyShipped":false,"requestedDeliveryDate":"2024-02-13","promisedDeliveryDate":"2024-02-13","shippingTime":"","outboundWhseHandlingTime":"","plannedDeliveryDate":"2024-02-13","plannedShipmentDate":"2024-02-13","shippingAgentCode":"","shippingAgentServiceCode":"","allowItemChargeAssignment":true,"qtyToAssign":0,"qtyAssigned":0,"returnQtyToReceive":0,"returnQtyToReceiveBase":0,"returnQtyRcdNotInvd":0,"retQtyRcdNotInvdBase":0,"returnRcdNotInvd":0,"returnRcdNotInvdLcy":0,"returnQtyReceived":0,"returnQtyReceivedBase":0,"applFromItemEntry":0,"bomItemNumber":"","returnReceiptNumber":"","returnReceiptLineNumber":0,"returnReasonCode":"","allowLineDisc":true,"customerDiscGroup":"","subtype":" ","priceDescription":""},{"@odata.etag":"W/\"JzQ0O3BTVVpZS1puK1o5RmZPYjdKMzh0Q1VZMU83L3I2bjJYdHBGT0pnZUd6amc9MTswMDsn\"","documentType":"Order","documentNumber":"SOR-MKI/02/24/0287","lineNumber":10,"sellToCustomerNumber":"CST0006","type":"Item","number":"121-701-0001","locationCode":"NAROGONG","postingGroup":"FINISHED GOODS","shipmentDate":"2024-02-13","description":"MI D-1 Perekat Bata Ringan - 40Kg - Project","description2":"","unitOfMeasure":"Zak","quantity":88,"outstandingQuantity":88,"qtyToInvoice":0,"qtyToShip":0,"unitPrice":35839,"unitCostLcy":33560,"vatPercent":11,"lineDiscountPercent":0,"lineDiscountAmount":0,"amount":3153832,"amountIncludingVat":3500753.52,"allowInvoiceDisc":true,"grossWeight":40,"netWeight":0,"unitsPerParcel":0,"unitVolume":0,"applToItemEntry":0,"shortcutDimension1Code":"","shortcutDimension2Code":"","customerPriceGroup":"","jobNumber":"","workTypeCode":"","recalculateInvoiceDisc":true,"outstandingAmount":3500753.52,"qtyShippedNotInvoiced":0,"shippedNotInvoiced":0,"quantityShipped":0,"quantityInvoiced":0,"shipmentNumber":"","shipmentLineNumber":0,"profitPercent":0,"billToCustomerNumber":"CST0006","invDiscountAmount":0,"purchaseOrderNumber":"","purchOrderLineNumber":0,"dropShipment":false,"genBusPostingGroup":"DOMESTIC","genProdPostingGroup":"FINISHED GOODS","vatCalculationType":"Normal VAT","transactionType":"","transportMethod":"FRC","attachedToLineNumber":0,"exitPoint":"","area":"","transactionSpecification":"","taxCategory":"","taxAreaCode":"","taxLiable":false,"taxGroupCode":"","vatClauseCode":"","vatBusPostingGroup":"PKP","vatProdPostingGroup":"PPN 11%","currencyCode":"","outstandingAmountLcy":3500753.52,"shippedNotInvoicedLcy":0,"shippedNotInvLcyNoVat":0,"reservedQuantity":0,"reserve":"Never","blanketOrderNumber":"","blanketOrderLineNumber":0,"vatBaseAmount":3153832,"unitCost":33560,"systemCreatedEntry":false,"lineAmount":3153832,"vatDifference":0,"invDiscAmountToInvoice":0,"vatIdentifier":"PPN 11%","icPartnerRefType":" ","icPartnerReference":"","prepaymentPercent":0,"prepmtLineAmount":0,"prepmtAmtInv":0,"prepmtAmtInclVat":0,"prepaymentAmount":0,"prepmtVatBaseAmt":0,"prepaymentVatPercent":0,"prepmtVatCalcType":"Normal VAT","prepaymentVatIdentifier":"","prepaymentTaxAreaCode":"","prepaymentTaxLiable":false,"prepaymentTaxGroupCode":"","prepmtAmtToDeduct":0,"prepmtAmtDeducted":0,"prepaymentLine":false,"prepmtAmountInvInclVat":0,"prepmtAmountInvLcy":0,"icPartnerCode":"","prepmtVatAmountInvLcy":0,"prepaymentVatDifference":0,"prepmtVatDiffToDeduct":0,"prepmtVatDiffDeducted":0,"dimensionSetId":0,"qtyToAssembleToOrder":0,"qtyToAsmToOrderBase":0,"atoWhseOutstandingQty":0,"atoWhseOutstdQtyBase":0,"jobTaskNumber":"","jobContractEntryNumber":0,"postingDate":"2024-02-13","deferralCode":"","returnsDeferralStartDate":"0001-01-01","variantCode":"","binCode":"","qtyPerUnitOfMeasure":1,"planned":false,"unitOfMeasureCode":"ZAK","quantityBase":88,"outstandingQtyBase":88,"qtyToInvoiceBase":0,"qtyToShipBase":0,"qtyShippedNotInvdBase":0,"qtyShippedBase":0,"qtyInvoicedBase":0,"reservedQtyBase":0,"faPostingDate":"0001-01-01","depreciationBookCode":"","deprUntilFaPostingDate":false,"duplicateInDepreciationBook":"","useDuplicationList":false,"responsibilityCenter":"","outOfStockSubstitution":false,"substitutionAvailable":false,"originallyOrderedNumber":"","originallyOrderedVarCode":"","crossReferenceNumber":"","unitOfMeasureCrossRef":"","crossReferenceType":" ","crossReferenceTypeNumber":"","itemCategoryCode":"","nonstock":false,"purchasingCode":"","specialOrder":false,"specialOrderPurchaseNumber":"","specialOrderPurchLineNumber":0,"whseOutstandingQty":0,"whseOutstandingQtyBase":0,"completelyShipped":false,"requestedDeliveryDate":"2024-02-13","promisedDeliveryDate":"2024-02-13","shippingTime":"","outboundWhseHandlingTime":"","plannedDeliveryDate":"2024-02-13","plannedShipmentDate":"2024-02-13","shippingAgentCode":"","shippingAgentServiceCode":"","allowItemChargeAssignment":true,"qtyToAssign":0,"qtyAssigned":0,"returnQtyToReceive":0,"returnQtyToReceiveBase":0,"returnQtyRcdNotInvd":0,"retQtyRcdNotInvdBase":0,"returnRcdNotInvd":0,"returnRcdNotInvdLcy":0,"returnQtyReceived":0,"returnQtyReceivedBase":0,"applFromItemEntry":0,"bomItemNumber":"","returnReceiptNumber":"","returnReceiptLineNumber":0,"returnReasonCode":"","allowLineDisc":true,"customerDiscGroup":"","subtype":" ","priceDescription":""},{"@odata.etag":"W/\"JzQ0OytteUZuQVdscGhSWjRzRW5Dd09uQ0VWSEcxcG03LzhwaGVrcWhrejA5Qms9MTswMDsn\"","documentType":"Order","documentNumber":"SOR-MKI/02/24/0288","lineNumber":10,"sellToCustomerNumber":"CST0006","type":"Item","number":"121-701-0002","locationCode":"NAROGONG","postingGroup":"FINISHED GOODS","shipmentDate":"2024-02-13","description":"MI D-2 Perekat Bata dan Plester - 50Kg - Project","description2":"","unitOfMeasure":"Zak","quantity":50,"outstandingQuantity":50,"qtyToInvoice":0,"qtyToShip":0,"unitPrice":26968,"unitCostLcy":31150,"vatPercent":11,"lineDiscountPercent":0,"lineDiscountAmount":0,"amount":1348400,"amountIncludingVat":1496724,"allowInvoiceDisc":true,"grossWeight":50,"netWeight":0,"unitsPerParcel":0,"unitVolume":0,"applToItemEntry":0,"shortcutDimension1Code":"","shortcutDimension2Code":"","customerPriceGroup":"","jobNumber":"","workTypeCode":"","recalculateInvoiceDisc":true,"outstandingAmount":1496724,"qtyShippedNotInvoiced":0,"shippedNotInvoiced":0,"quantityShipped":0,"quantityInvoiced":0,"shipmentNumber":"","shipmentLineNumber":0,"profitPercent":0,"billToCustomerNumber":"CST0006","invDiscountAmount":0,"purchaseOrderNumber":"","purchOrderLineNumber":0,"dropShipment":false,"genBusPostingGroup":"DOMESTIC","genProdPostingGroup":"FINISHED GOODS","vatCalculationType":"Normal VAT","transactionType":"","transportMethod":"FRC","attachedToLineNumber":0,"exitPoint":"","area":"","transactionSpecification":"","taxCategory":"","taxAreaCode":"","taxLiable":false,"taxGroupCode":"","vatClauseCode":"","vatBusPostingGroup":"PKP","vatProdPostingGroup":"PPN 11%","currencyCode":"","outstandingAmountLcy":1496724,"shippedNotInvoicedLcy":0,"shippedNotInvLcyNoVat":0,"reservedQuantity":0,"reserve":"Never","blanketOrderNumber":"","blanketOrderLineNumber":0,"vatBaseAmount":1348400,"unitCost":31150,"systemCreatedEntry":false,"lineAmount":1348400,"vatDifference":0,"invDiscAmountToInvoice":0,"vatIdentifier":"PPN 11%","icPartnerRefType":" ","icPartnerReference":"","prepaymentPercent":0,"prepmtLineAmount":0,"prepmtAmtInv":0,"prepmtAmtInclVat":0,"prepaymentAmount":0,"prepmtVatBaseAmt":0,"prepaymentVatPercent":0,"prepmtVatCalcType":"Normal VAT","prepaymentVatIdentifier":"","prepaymentTaxAreaCode":"","prepaymentTaxLiable":false,"prepaymentTaxGroupCode":"","prepmtAmtToDeduct":0,"prepmtAmtDeducted":0,"prepaymentLine":false,"prepmtAmountInvInclVat":0,"prepmtAmountInvLcy":0,"icPartnerCode":"","prepmtVatAmountInvLcy":0,"prepaymentVatDifference":0,"prepmtVatDiffToDeduct":0,"prepmtVatDiffDeducted":0,"dimensionSetId":0,"qtyToAssembleToOrder":0,"qtyToAsmToOrderBase":0,"atoWhseOutstandingQty":0,"atoWhseOutstdQtyBase":0,"jobTaskNumber":"","jobContractEntryNumber":0,"postingDate":"2024-02-13","deferralCode":"","returnsDeferralStartDate":"0001-01-01","variantCode":"","binCode":"","qtyPerUnitOfMeasure":1,"planned":false,"unitOfMeasureCode":"ZAK","quantityBase":50,"outstandingQtyBase":50,"qtyToInvoiceBase":0,"qtyToShipBase":0,"qtyShippedNotInvdBase":0,"qtyShippedBase":0,"qtyInvoicedBase":0,"reservedQtyBase":0,"faPostingDate":"0001-01-01","depreciationBookCode":"","deprUntilFaPostingDate":false,"duplicateInDepreciationBook":"","useDuplicationList":false,"responsibilityCenter":"","outOfStockSubstitution":false,"substitutionAvailable":false,"originallyOrderedNumber":"","originallyOrderedVarCode":"","crossReferenceNumber":"","unitOfMeasureCrossRef":"","crossReferenceType":" ","crossReferenceTypeNumber":"","itemCategoryCode":"","nonstock":false,"purchasingCode":"","specialOrder":false,"specialOrderPurchaseNumber":"","specialOrderPurchLineNumber":0,"whseOutstandingQty":0,"whseOutstandingQtyBase":0,"completelyShipped":false,"requestedDeliveryDate":"2024-02-13","promisedDeliveryDate":"2024-02-13","shippingTime":"","outboundWhseHandlingTime":"","plannedDeliveryDate":"2024-02-13","plannedShipmentDate":"2024-02-13","shippingAgentCode":"","shippingAgentServiceCode":"","allowItemChargeAssignment":true,"qtyToAssign":0,"qtyAssigned":0,"returnQtyToReceive":0,"returnQtyToReceiveBase":0,"returnQtyRcdNotInvd":0,"retQtyRcdNotInvdBase":0,"returnRcdNotInvd":0,"returnRcdNotInvdLcy":0,"returnQtyReceived":0,"returnQtyReceivedBase":0,"applFromItemEntry":0,"bomItemNumber":"","returnReceiptNumber":"","returnReceiptLineNumber":0,"returnReasonCode":"","allowLineDisc":true,"customerDiscGroup":"","subtype":" ","priceDescription":""},{"@odata.etag":"W/\"JzQ0O3V4NCtkREJMaCt2Mm02d1BPVjdjaGVyQnp5bFdiL1hncVgxRFM5Slgrcjg9MTswMDsn\"","documentType":"Order","documentNumber":"SOR-MKI/02/24/0289","lineNumber":10000,"sellToCustomerNumber":"CST0013-P","type":"Item","number":"121-701-0001","locationCode":"NAROGONG","postingGroup":"FINISHED GOODS","shipmentDate":"2024-02-13","description":"MI D-1 Perekat Bata Ringan - 40Kg - Project","description2":"","unitOfMeasure":"Zak","quantity":200,"outstandingQuantity":200,"qtyToInvoice":0,"qtyToShip":0,"unitPrice":36575,"unitCostLcy":33560,"vatPercent":11,"lineDiscountPercent":0,"lineDiscountAmount":0,"amount":7315000,"amountIncludingVat":8119650,"allowInvoiceDisc":true,"grossWeight":40,"netWeight":0,"unitsPerParcel":0,"unitVolume":0,"applToItemEntry":0,"shortcutDimension1Code":"","shortcutDimension2Code":"","customerPriceGroup":"","jobNumber":"","workTypeCode":"","recalculateInvoiceDisc":true,"outstandingAmount":8119650,"qtyShippedNotInvoiced":0,"shippedNotInvoiced":0,"quantityShipped":0,"quantityInvoiced":0,"shipmentNumber":"","shipmentLineNumber":0,"profitPercent":0,"billToCustomerNumber":"CST0013-P","invDiscountAmount":0,"purchaseOrderNumber":"","purchOrderLineNumber":0,"dropShipment":false,"genBusPostingGroup":"DOMESTIC","genProdPostingGroup":"FINISHED GOODS","vatCalculationType":"Normal VAT","transactionType":"","transportMethod":"FRC","attachedToLineNumber":0,"exitPoint":"","area":"","transactionSpecification":"","taxCategory":"","taxAreaCode":"","taxLiable":false,"taxGroupCode":"","vatClauseCode":"","vatBusPostingGroup":"PKP","vatProdPostingGroup":"PPN 11%","currencyCode":"","outstandingAmountLcy":8119650,"shippedNotInvoicedLcy":0,"shippedNotInvLcyNoVat":0,"reservedQuantity":0,"reserve":"Never","blanketOrderNumber":"","blanketOrderLineNumber":0,"vatBaseAmount":7315000,"unitCost":33560,"systemCreatedEntry":false,"lineAmount":7315000,"vatDifference":0,"invDiscAmountToInvoice":0,"vatIdentifier":"PPN 11%","icPartnerRefType":" ","icPartnerReference":"","prepaymentPercent":0,"prepmtLineAmount":0,"prepmtAmtInv":0,"prepmtAmtInclVat":0,"prepaymentAmount":0,"prepmtVatBaseAmt":0,"prepaymentVatPercent":0,"prepmtVatCalcType":"Normal VAT","prepaymentVatIdentifier":"","prepaymentTaxAreaCode":"","prepaymentTaxLiable":false,"prepaymentTaxGroupCode":"","prepmtAmtToDeduct":0,"prepmtAmtDeducted":0,"prepaymentLine":false,"prepmtAmountInvInclVat":0,"prepmtAmountInvLcy":0,"icPartnerCode":"","prepmtVatAmountInvLcy":0,"prepaymentVatDifference":0,"prepmtVatDiffToDeduct":0,"prepmtVatDiffDeducted":0,"dimensionSetId":0,"qtyToAssembleToOrder":0,"qtyToAsmToOrderBase":0,"atoWhseOutstandingQty":0,"atoWhseOutstdQtyBase":0,"jobTaskNumber":"","jobContractEntryNumber":0,"postingDate":"2024-02-13","deferralCode":"","returnsDeferralStartDate":"0001-01-01","variantCode":"","binCode":"","qtyPerUnitOfMeasure":1,"planned":false,"unitOfMeasureCode":"ZAK","quantityBase":200,"outstandingQtyBase":200,"qtyToInvoiceBase":0,"qtyToShipBase":0,"qtyShippedNotInvdBase":0,"qtyShippedBase":0,"qtyInvoicedBase":0,"reservedQtyBase":0,"faPostingDate":"0001-01-01","depreciationBookCode":"","deprUntilFaPostingDate":false,"duplicateInDepreciationBook":"","useDuplicationList":false,"responsibilityCenter":"","outOfStockSubstitution":false,"substitutionAvailable":false,"originallyOrderedNumber":"","originallyOrderedVarCode":"","crossReferenceNumber":"","unitOfMeasureCrossRef":"","crossReferenceType":" ","crossReferenceTypeNumber":"","itemCategoryCode":"","nonstock":false,"purchasingCode":"","specialOrder":false,"specialOrderPurchaseNumber":"","specialOrderPurchLineNumber":0,"whseOutstandingQty":0,"whseOutstandingQtyBase":0,"completelyShipped":false,"requestedDeliveryDate":"2024-02-13","promisedDeliveryDate":"2024-02-13","shippingTime":"","outboundWhseHandlingTime":"","plannedDeliveryDate":"2024-02-13","plannedShipmentDate":"2024-02-13","shippingAgentCode":"","shippingAgentServiceCode":"","allowItemChargeAssignment":true,"qtyToAssign":0,"qtyAssigned":0,"returnQtyToReceive":0,"returnQtyToReceiveBase":0,"returnQtyRcdNotInvd":0,"retQtyRcdNotInvdBase":0,"returnRcdNotInvd":0,"returnRcdNotInvdLcy":0,"returnQtyReceived":0,"returnQtyReceivedBase":0,"applFromItemEntry":0,"bomItemNumber":"","returnReceiptNumber":"","returnReceiptLineNumber":0,"returnReasonCode":"","allowLineDisc":true,"customerDiscGroup":"","subtype":" ","priceDescription":""},{"@odata.etag":"W/\"JzQ0O0x3MmNIUHF3WWF3R1hXUnFwUStRa3BlR2YzWHlzbUQrN1g0bzl6L3hMNTg9MTswMDsn\"","documentType":"Order","documentNumber":"SOR-MKI/02/24/0290","lineNumber":10000,"sellToCustomerNumber":"CST0013-P","type":"Item","number":"121-701-0005","locationCode":"NAROGONG","postingGroup":"FINISHED GOODS","shipmentDate":"2024-02-13","description":"MI K-1 Perekat Keramik  - 40Kg - Project","description2":"","unitOfMeasure":"Zak","quantity":100,"outstandingQuantity":100,"qtyToInvoice":0,"qtyToShip":0,"unitPrice":44175,"unitCostLcy":43280,"vatPercent":11,"lineDiscountPercent":0,"lineDiscountAmount":0,"amount":4417500,"amountIncludingVat":4903425,"allowInvoiceDisc":true,"grossWeight":40,"netWeight":0,"unitsPerParcel":0,"unitVolume":0,"applToItemEntry":0,"shortcutDimension1Code":"","shortcutDimension2Code":"","customerPriceGroup":"","jobNumber":"","workTypeCode":"","recalculateInvoiceDisc":true,"outstandingAmount":4903425,"qtyShippedNotInvoiced":0,"shippedNotInvoiced":0,"quantityShipped":0,"quantityInvoiced":0,"shipmentNumber":"","shipmentLineNumber":0,"profitPercent":0,"billToCustomerNumber":"CST0013-P","invDiscountAmount":0,"purchaseOrderNumber":"","purchOrderLineNumber":0,"dropShipment":false,"genBusPostingGroup":"DOMESTIC","genProdPostingGroup":"FINISHED GOODS","vatCalculationType":"Normal VAT","transactionType":"","transportMethod":"FRC","attachedToLineNumber":0,"exitPoint":"","area":"","transactionSpecification":"","taxCategory":"","taxAreaCode":"","taxLiable":false,"taxGroupCode":"","vatClauseCode":"","vatBusPostingGroup":"PKP","vatProdPostingGroup":"PPN 11%","currencyCode":"","outstandingAmountLcy":4903425,"shippedNotInvoicedLcy":0,"shippedNotInvLcyNoVat":0,"reservedQuantity":0,"reserve":"Never","blanketOrderNumber":"","blanketOrderLineNumber":0,"vatBaseAmount":4417500,"unitCost":43280,"systemCreatedEntry":false,"lineAmount":4417500,"vatDifference":0,"invDiscAmountToInvoice":0,"vatIdentifier":"PPN 11%","icPartnerRefType":" ","icPartnerReference":"","prepaymentPercent":0,"prepmtLineAmount":0,"prepmtAmtInv":0,"prepmtAmtInclVat":0,"prepaymentAmount":0,"prepmtVatBaseAmt":0,"prepaymentVatPercent":0,"prepmtVatCalcType":"Normal VAT","prepaymentVatIdentifier":"","prepaymentTaxAreaCode":"","prepaymentTaxLiable":false,"prepaymentTaxGroupCode":"","prepmtAmtToDeduct":0,"prepmtAmtDeducted":0,"prepaymentLine":false,"prepmtAmountInvInclVat":0,"prepmtAmountInvLcy":0,"icPartnerCode":"","prepmtVatAmountInvLcy":0,"prepaymentVatDifference":0,"prepmtVatDiffToDeduct":0,"prepmtVatDiffDeducted":0,"dimensionSetId":0,"qtyToAssembleToOrder":0,"qtyToAsmToOrderBase":0,"atoWhseOutstandingQty":0,"atoWhseOutstdQtyBase":0,"jobTaskNumber":"","jobContractEntryNumber":0,"postingDate":"2024-02-13","deferralCode":"","returnsDeferralStartDate":"0001-01-01","variantCode":"","binCode":"","qtyPerUnitOfMeasure":1,"planned":false,"unitOfMeasureCode":"ZAK","quantityBase":100,"outstandingQtyBase":100,"qtyToInvoiceBase":0,"qtyToShipBase":0,"qtyShippedNotInvdBase":0,"qtyShippedBase":0,"qtyInvoicedBase":0,"reservedQtyBase":0,"faPostingDate":"0001-01-01","depreciationBookCode":"","deprUntilFaPostingDate":false,"duplicateInDepreciationBook":"","useDuplicationList":false,"responsibilityCenter":"","outOfStockSubstitution":false,"substitutionAvailable":false,"originallyOrderedNumber":"","originallyOrderedVarCode":"","crossReferenceNumber":"","unitOfMeasureCrossRef":"","crossReferenceType":" ","crossReferenceTypeNumber":"","itemCategoryCode":"","nonstock":false,"purchasingCode":"","specialOrder":false,"specialOrderPurchaseNumber":"","specialOrderPurchLineNumber":0,"whseOutstandingQty":0,"whseOutstandingQtyBase":0,"completelyShipped":false,"requestedDeliveryDate":"2024-02-13","promisedDeliveryDate":"2024-02-13","shippingTime":"","outboundWhseHandlingTime":"","plannedDeliveryDate":"2024-02-13","plannedShipmentDate":"2024-02-13","shippingAgentCode":"","shippingAgentServiceCode":"","allowItemChargeAssignment":true,"qtyToAssign":0,"qtyAssigned":0,"returnQtyToReceive":0,"returnQtyToReceiveBase":0,"returnQtyRcdNotInvd":0,"retQtyRcdNotInvdBase":0,"returnRcdNotInvd":0,"returnRcdNotInvdLcy":0,"returnQtyReceived":0,"returnQtyReceivedBase":0,"applFromItemEntry":0,"bomItemNumber":"","returnReceiptNumber":"","returnReceiptLineNumber":0,"returnReasonCode":"","allowLineDisc":true,"customerDiscGroup":"","subtype":" ","priceDescription":""},{"@odata.etag":"W/\"JzQ0O2VueUFHbG84L0hocytUY1ZjUTE4TFVCVkJuNytCSG1va2N5dkJPSDcrSVk9MTswMDsn\"","documentType":"Order","documentNumber":"SOR-MKI/02/24/0291","lineNumber":10000,"sellToCustomerNumber":"CST0013-P","type":"Item","number":"121-701-0002","locationCode":"NAROGONG","postingGroup":"FINISHED GOODS","shipmentDate":"2024-02-13","description":"MI D-2 Perekat Bata dan Plester - 50Kg - Project","description2":"","unitOfMeasure":"Zak","quantity":80,"outstandingQuantity":80,"qtyToInvoice":0,"qtyToShip":0,"unitPrice":26125,"unitCostLcy":31150,"vatPercent":11,"lineDiscountPercent":0,"lineDiscountAmount":0,"amount":2090000,"amountIncludingVat":2319900,"allowInvoiceDisc":true,"grossWeight":50,"netWeight":0,"unitsPerParcel":0,"unitVolume":0,"applToItemEntry":0,"shortcutDimension1Code":"","shortcutDimension2Code":"","customerPriceGroup":"","jobNumber":"","workTypeCode":"","recalculateInvoiceDisc":true,"outstandingAmount":2319900,"qtyShippedNotInvoiced":0,"shippedNotInvoiced":0,"quantityShipped":0,"quantityInvoiced":0,"shipmentNumber":"","shipmentLineNumber":0,"profitPercent":0,"billToCustomerNumber":"CST0013-P","invDiscountAmount":0,"purchaseOrderNumber":"","purchOrderLineNumber":0,"dropShipment":false,"genBusPostingGroup":"DOMESTIC","genProdPostingGroup":"FINISHED GOODS","vatCalculationType":"Normal VAT","transactionType":"","transportMethod":"FRC","attachedToLineNumber":0,"exitPoint":"","area":"","transactionSpecification":"","taxCategory":"","taxAreaCode":"","taxLiable":false,"taxGroupCode":"","vatClauseCode":"","vatBusPostingGroup":"PKP","vatProdPostingGroup":"PPN 11%","currencyCode":"","outstandingAmountLcy":2319900,"shippedNotInvoicedLcy":0,"shippedNotInvLcyNoVat":0,"reservedQuantity":0,"reserve":"Never","blanketOrderNumber":"","blanketOrderLineNumber":0,"vatBaseAmount":2090000,"unitCost":31150,"systemCreatedEntry":false,"lineAmount":2090000,"vatDifference":0,"invDiscAmountToInvoice":0,"vatIdentifier":"PPN 11%","icPartnerRefType":" ","icPartnerReference":"","prepaymentPercent":0,"prepmtLineAmount":0,"prepmtAmtInv":0,"prepmtAmtInclVat":0,"prepaymentAmount":0,"prepmtVatBaseAmt":0,"prepaymentVatPercent":0,"prepmtVatCalcType":"Normal VAT","prepaymentVatIdentifier":"","prepaymentTaxAreaCode":"","prepaymentTaxLiable":false,"prepaymentTaxGroupCode":"","prepmtAmtToDeduct":0,"prepmtAmtDeducted":0,"prepaymentLine":false,"prepmtAmountInvInclVat":0,"prepmtAmountInvLcy":0,"icPartnerCode":"","prepmtVatAmountInvLcy":0,"prepaymentVatDifference":0,"prepmtVatDiffToDeduct":0,"prepmtVatDiffDeducted":0,"dimensionSetId":0,"qtyToAssembleToOrder":0,"qtyToAsmToOrderBase":0,"atoWhseOutstandingQty":0,"atoWhseOutstdQtyBase":0,"jobTaskNumber":"","jobContractEntryNumber":0,"postingDate":"2024-02-13","deferralCode":"","returnsDeferralStartDate":"0001-01-01","variantCode":"","binCode":"","qtyPerUnitOfMeasure":1,"planned":false,"unitOfMeasureCode":"ZAK","quantityBase":80,"outstandingQtyBase":80,"qtyToInvoiceBase":0,"qtyToShipBase":0,"qtyShippedNotInvdBase":0,"qtyShippedBase":0,"qtyInvoicedBase":0,"reservedQtyBase":0,"faPostingDate":"0001-01-01","depreciationBookCode":"","deprUntilFaPostingDate":false,"duplicateInDepreciationBook":"","useDuplicationList":false,"responsibilityCenter":"","outOfStockSubstitution":false,"substitutionAvailable":false,"originallyOrderedNumber":"","originallyOrderedVarCode":"","crossReferenceNumber":"","unitOfMeasureCrossRef":"","crossReferenceType":" ","crossReferenceTypeNumber":"","itemCategoryCode":"","nonstock":false,"purchasingCode":"","specialOrder":false,"specialOrderPurchaseNumber":"","specialOrderPurchLineNumber":0,"whseOutstandingQty":0,"whseOutstandingQtyBase":0,"completelyShipped":false,"requestedDeliveryDate":"2024-02-13","promisedDeliveryDate":"2024-02-13","shippingTime":"","outboundWhseHandlingTime":"","plannedDeliveryDate":"2024-02-13","plannedShipmentDate":"2024-02-13","shippingAgentCode":"","shippingAgentServiceCode":"","allowItemChargeAssignment":true,"qtyToAssign":0,"qtyAssigned":0,"returnQtyToReceive":0,"returnQtyToReceiveBase":0,"returnQtyRcdNotInvd":0,"retQtyRcdNotInvdBase":0,"returnRcdNotInvd":0,"returnRcdNotInvdLcy":0,"returnQtyReceived":0,"returnQtyReceivedBase":0,"applFromItemEntry":0,"bomItemNumber":"","returnReceiptNumber":"","returnReceiptLineNumber":0,"returnReasonCode":"","allowLineDisc":true,"customerDiscGroup":"","subtype":" ","priceDescription":""},{"@odata.etag":"W/\"JzQ0O2tZQXk0UjFLK245TlRtU2NkOHpHYkhHa3Rzc2psQ1FuZWtBSml3LzJDUFU9MTswMDsn\"","documentType":"Order","documentNumber":"SOR-MKI/02/24/0292","lineNumber":10,"sellToCustomerNumber":"CST0006","type":"Item","number":"121-701-0010","locationCode":"NAROGONG","postingGroup":"FINISHED GOODS","shipmentDate":"2024-02-13","description":"MI K-1 Perekat Keramik  - 25Kg - Retail","description2":"","unitOfMeasure":"Zak","quantity":640,"outstandingQuantity":640,"qtyToInvoice":0,"qtyToShip":0,"unitPrice":37649,"unitCostLcy":29475,"vatPercent":11,"lineDiscountPercent":0,"lineDiscountAmount":0,"amount":24095360,"amountIncludingVat":26745849.6,"allowInvoiceDisc":true,"grossWeight":25,"netWeight":0,"unitsPerParcel":0,"unitVolume":0,"applToItemEntry":0,"shortcutDimension1Code":"","shortcutDimension2Code":"","customerPriceGroup":"","jobNumber":"","workTypeCode":"","recalculateInvoiceDisc":true,"outstandingAmount":26745849.6,"qtyShippedNotInvoiced":0,"shippedNotInvoiced":0,"quantityShipped":0,"quantityInvoiced":0,"shipmentNumber":"","shipmentLineNumber":0,"profitPercent":0,"billToCustomerNumber":"CST0006","invDiscountAmount":0,"purchaseOrderNumber":"","purchOrderLineNumber":0,"dropShipment":false,"genBusPostingGroup":"DOMESTIC","genProdPostingGroup":"FINISHED GOODS","vatCalculationType":"Normal VAT","transactionType":"","transportMethod":"FRC","attachedToLineNumber":0,"exitPoint":"","area":"","transactionSpecification":"","taxCategory":"","taxAreaCode":"","taxLiable":false,"taxGroupCode":"","vatClauseCode":"","vatBusPostingGroup":"PKP","vatProdPostingGroup":"PPN 11%","currencyCode":"","outstandingAmountLcy":26745849.6,"shippedNotInvoicedLcy":0,"shippedNotInvLcyNoVat":0,"reservedQuantity":0,"reserve":"Never","blanketOrderNumber":"","blanketOrderLineNumber":0,"vatBaseAmount":24095360,"unitCost":29475,"systemCreatedEntry":false,"lineAmount":24095360,"vatDifference":0,"invDiscAmountToInvoice":0,"vatIdentifier":"PPN 11%","icPartnerRefType":" ","icPartnerReference":"","prepaymentPercent":0,"prepmtLineAmount":0,"prepmtAmtInv":0,"prepmtAmtInclVat":0,"prepaymentAmount":0,"prepmtVatBaseAmt":0,"prepaymentVatPercent":0,"prepmtVatCalcType":"Normal VAT","prepaymentVatIdentifier":"","prepaymentTaxAreaCode":"","prepaymentTaxLiable":false,"prepaymentTaxGroupCode":"","prepmtAmtToDeduct":0,"prepmtAmtDeducted":0,"prepaymentLine":false,"prepmtAmountInvInclVat":0,"prepmtAmountInvLcy":0,"icPartnerCode":"","prepmtVatAmountInvLcy":0,"prepaymentVatDifference":0,"prepmtVatDiffToDeduct":0,"prepmtVatDiffDeducted":0,"dimensionSetId":0,"qtyToAssembleToOrder":0,"qtyToAsmToOrderBase":0,"atoWhseOutstandingQty":0,"atoWhseOutstdQtyBase":0,"jobTaskNumber":"","jobContractEntryNumber":0,"postingDate":"2024-02-13","deferralCode":"","returnsDeferralStartDate":"0001-01-01","variantCode":"","binCode":"","qtyPerUnitOfMeasure":1,"planned":false,"unitOfMeasureCode":"ZAK","quantityBase":640,"outstandingQtyBase":640,"qtyToInvoiceBase":0,"qtyToShipBase":0,"qtyShippedNotInvdBase":0,"qtyShippedBase":0,"qtyInvoicedBase":0,"reservedQtyBase":0,"faPostingDate":"0001-01-01","depreciationBookCode":"","deprUntilFaPostingDate":false,"duplicateInDepreciationBook":"","useDuplicationList":false,"responsibilityCenter":"","outOfStockSubstitution":false,"substitutionAvailable":false,"originallyOrderedNumber":"","originallyOrderedVarCode":"","crossReferenceNumber":"","unitOfMeasureCrossRef":"","crossReferenceType":" ","crossReferenceTypeNumber":"","itemCategoryCode":"","nonstock":false,"purchasingCode":"","specialOrder":false,"specialOrderPurchaseNumber":"","specialOrderPurchLineNumber":0,"whseOutstandingQty":0,"whseOutstandingQtyBase":0,"completelyShipped":false,"requestedDeliveryDate":"2024-02-13","promisedDeliveryDate":"2024-02-13","shippingTime":"","outboundWhseHandlingTime":"","plannedDeliveryDate":"2024-02-13","plannedShipmentDate":"2024-02-13","shippingAgentCode":"","shippingAgentServiceCode":"","allowItemChargeAssignment":true,"qtyToAssign":0,"qtyAssigned":0,"returnQtyToReceive":0,"returnQtyToReceiveBase":0,"returnQtyRcdNotInvd":0,"retQtyRcdNotInvdBase":0,"returnRcdNotInvd":0,"returnRcdNotInvdLcy":0,"returnQtyReceived":0,"returnQtyReceivedBase":0,"applFromItemEntry":0,"bomItemNumber":"","returnReceiptNumber":"","returnReceiptLineNumber":0,"returnReasonCode":"","allowLineDisc":true,"customerDiscGroup":"","subtype":" ","priceDescription":""}]