{
   "rows":[
      {
		  "RowId" : "1",
         "CategoryName":"Beverages",
         "ProductName":"Steeleye Stout",
         "Country":"UK",
         "Price":"1008.0000",
         "Quantity":"65"
      },
      {
		  "RowId" : "2",
         "CategoryName":"Beverages",
         "ProductName":"Laughing Lumberjack Lager",
         "Country":"USA",
         "Price":"140.0000",
         "Quantity":"10"
      },
      {
		  "RowId" : "3",
         "CategoryName":"Beverages",
         "ProductName":"Lakkalik\u00f6\u00f6ri",
         "Country":"USA",
         "Price":"2160.0000",
         "Quantity":"120"
      },
      {
		  "RowId" : "4",
         "CategoryName":"Beverages",
         "ProductName":"Guaran\u00e1 Fant\u00e1stica",
         "Country":"USA",
         "Price":"436.5000",
         "Quantity":"97"
      },
      {
		  "RowId" : "5",
         "CategoryName":"Beverages",
         "ProductName":"Ipoh Coffee",
         "Country":"UK",
         "Price":"1656.0000",
         "Quantity":"36"
      },
      {
		  "RowId" : "6",
         "CategoryName":"Beverages",
         "ProductName":"Chang",
         "Country":"UK",
         "Price":"342.0000",
         "Quantity":"20"
      },
      {
		  "RowId" : "7",
         "CategoryName":"Beverages",
         "ProductName":"Chartreuse verte",
         "Country":"USA",
         "Price":"648.0000",
         "Quantity":"42"
      },
      {
		  "RowId" : "8",
         "CategoryName":"Beverages",
         "ProductName":"Ipoh Coffee",
         "Country":"USA",
         "Price":"1656.0000",
         "Quantity":"39"
      },
      {
		  "RowId" : "9",
         "CategoryName":"Beverages",
         "ProductName":"Chai",
         "Country":"UK",
         "Price":"1314.0000",
         "Quantity":"73"
      },
      {
		  "RowId" : "10",
         "CategoryName":"Beverages",
         "ProductName":"Chang",
         "Country":"USA",
         "Price":"5168.0000",
         "Quantity":"294"
      },
      {
		  "RowId" : "11",
         "CategoryName":"Beverages",
         "ProductName":"Steeleye Stout",
         "Country":"USA",
         "Price":"2772.0000",
         "Quantity":"174"
      },
      {
		  "RowId" : "12",
         "CategoryName":"Beverages",
         "ProductName":"C\u00f4te de Blaye",
         "Country":"USA",
         "Price":"42160.0000",
         "Quantity":"170"
      },
      {
		  "RowId" : "13",
         "CategoryName":"Beverages",
         "ProductName":"Outback Lager",
         "Country":"USA",
         "Price":"567.0000",
         "Quantity":"42"
      },
      {
		  "RowId" : "14",
         "CategoryName":"Beverages",
         "ProductName":"Sasquatch Ale",
         "Country":"USA",
         "Price":"1610.0000",
         "Quantity":"122"
      },
      {
		  "RowId" : "15",
         "CategoryName":"Beverages",
         "ProductName":"Chai",
         "Country":"USA",
         "Price":"3103.2000",
         "Quantity":"180"
      },
      {
		  "RowId" : "16",
         "CategoryName":"Beverages",
         "ProductName":"Chartreuse verte",
         "Country":"UK",
         "Price":"288.0000",
         "Quantity":"20"
      },
      {
		  "RowId" : "17",
         "CategoryName":"Beverages",
         "ProductName":"Guaran\u00e1 Fant\u00e1stica",
         "Country":"UK",
         "Price":"288.0000",
         "Quantity":"80"
      },
      {
		  "RowId" : "18",
         "CategoryName":"Beverages",
         "ProductName":"Sasquatch Ale",
         "Country":"UK",
         "Price":"156.8000",
         "Quantity":"14"
      },
      {
		  "RowId" : "19",
         "CategoryName":"Beverages",
         "ProductName":"Lakkalik\u00f6\u00f6ri",
         "Country":"UK",
         "Price":"266.4000",
         "Quantity":"16"
      }
   ]
}