<?xml version="1.0" encoding="utf-8"?>
<rows>
  <row id='1'>
    <cell>13</cell>
    <cell>2007-10-06</cell>
    <cell><![CDATA[Client 3]]></cell>
    <cell>1000.00</cell>
    <cell>0.00</cell>
    <cell>1000.00</cell>
    <cell><![CDATA[]]></cell>
  </row>
  <row id='2'>
    <cell>12</cell>
    <cell>2007-10-06</cell>
    <cell><![CDATA[Client 2]]></cell>
    <cell>700.00</cell>
    <cell>140.00</cell>
    <cell>840.00</cell>
    <cell><![CDATA[]]></cell>
  </row>
  <row id='3'>
    <cell>11</cell>
    <cell>2007-10-06</cell>
    <cell><![CDATA[Client 1]]></cell>
    <cell>600.00</cell>
    <cell>120.00</cell>
    <cell>720.00</cell>
    <cell><![CDATA[]]></cell>
  </row>
  <row id='4'>
    <cell>10</cell>
    <cell>2007-10-06</cell>
    <cell><![CDATA[Client 2]]></cell>
    <cell>100.00</cell>
    <cell>20.00</cell>
    <cell>120.00</cell>
    <cell><![CDATA[]]></cell>
  </row>
  <row id='5'>
    <cell>9</cell>
    <cell>2007-10-06</cell>
    <cell><![CDATA[Client 1]]></cell>
    <cell>200.00</cell>
    <cell>40.00</cell>
    <cell>240.00</cell>
    <cell><![CDATA[]]></cell>
  </row>
  <row id='6'>
    <cell>8</cell>
    <cell>2007-10-06</cell>
    <cell><![CDATA[Client 3]]></cell>
    <cell>200.00</cell>
    <cell>0.00</cell>
    <cell>200.00</cell>
    <cell><![CDATA[]]></cell>
  </row>
  <row id='7'>
    <cell>7</cell>
    <cell>2007-10-05</cell>
    <cell><![CDATA[Client 2]]></cell>
    <cell>120.00</cell>
    <cell>12.00</cell>
    <cell>134.00</cell>
    <cell><![CDATA[]]></cell>
  </row>
  <row id='8'>
    <cell>6</cell>
    <cell>2007-10-05</cell>
    <cell><![CDATA[Client 1]]></cell>
    <cell>50.00</cell>
    <cell>10.00</cell>
    <cell>60.00</cell>
    <cell><![CDATA[]]></cell>
  </row>
  <row id='9'>
    <cell>5</cell>
    <cell>2007-10-05</cell>
    <cell><![CDATA[Client 3]]></cell>
    <cell>100.00</cell>
    <cell>0.00</cell>
    <cell>100.00</cell>
    <cell><![CDATA[no tax at all]]></cell>
  </row>
  <row id='10'>
    <cell>4</cell>
    <cell>2007-10-04</cell>
    <cell><![CDATA[Client 3]]></cell>
    <cell>150.00</cell>
    <cell>0.00</cell>
    <cell>150.00</cell>
    <cell><![CDATA[no tax]]></cell>
  </row>
  <row id='11'>
    <cell>13</cell>
    <cell>2007-10-06</cell>
    <cell><![CDATA[Client 3]]></cell>
    <cell>1000.00</cell>
    <cell>0.00</cell>
    <cell>1000.00</cell>
    <cell><![CDATA[]]></cell>
  </row>
  <row id='12'>
    <cell>12</cell>
    <cell>2007-10-06</cell>
    <cell><![CDATA[Client 2]]></cell>
    <cell>700.00</cell>
    <cell>140.00</cell>
    <cell>840.00</cell>
    <cell><![CDATA[]]></cell>
  </row>
  <row id='13'>
    <cell>11</cell>
    <cell>2007-10-06</cell>
    <cell><![CDATA[Client 1]]></cell>
    <cell>600.00</cell>
    <cell>120.00</cell>
    <cell>720.00</cell>
    <cell><![CDATA[]]></cell>
  </row>
  <row id='14'>
    <cell>10</cell>
    <cell>2007-10-06</cell>
    <cell><![CDATA[Client 2]]></cell>
    <cell>100.00</cell>
    <cell>20.00</cell>
    <cell>120.00</cell>
    <cell><![CDATA[]]></cell>
  </row>
  <row id='15'>
    <cell>9</cell>
    <cell>2007-10-06</cell>
    <cell><![CDATA[Client 1]]></cell>
    <cell>200.00</cell>
    <cell>40.00</cell>
    <cell>240.00</cell>
    <cell><![CDATA[]]></cell>
  </row>
  <row id='16'>
    <cell>8</cell>
    <cell>2007-10-06</cell>
    <cell><![CDATA[Client 3]]></cell>
    <cell>200.00</cell>
    <cell>0.00</cell>
    <cell>200.00</cell>
    <cell><![CDATA[]]></cell>
  </row>
  <row id='17'>
    <cell>7</cell>
    <cell>2007-10-05</cell>
    <cell><![CDATA[Client 2]]></cell>
    <cell>120.00</cell>
    <cell>12.00</cell>
    <cell>134.00</cell>
    <cell><![CDATA[]]></cell>
  </row>
  <row id='18'>
    <cell>6</cell>
    <cell>2007-10-05</cell>
    <cell><![CDATA[Client 1]]></cell>
    <cell>50.00</cell>
    <cell>10.00</cell>
    <cell>60.00</cell>
    <cell><![CDATA[]]></cell>
  </row>
  <row id='19'>
    <cell>5</cell>
    <cell>2007-10-05</cell>
    <cell><![CDATA[Client 3]]></cell>
    <cell>100.00</cell>
    <cell>0.00</cell>
    <cell>100.00</cell>
    <cell><![CDATA[no tax at all]]></cell>
  </row>
  <row id='20'>
    <cell>4</cell>
    <cell>2007-10-04</cell>
    <cell><![CDATA[Client 3]]></cell>
    <cell>150.00</cell>
    <cell>0.00</cell>
    <cell>150.00</cell>
    <cell><![CDATA[no tax]]></cell>
  </row>
  <row id='21'>
    <cell>13</cell>
    <cell>2007-10-06</cell>
    <cell><![CDATA[Client 3]]></cell>
    <cell>1000.00</cell>
    <cell>0.00</cell>
    <cell>1000.00</cell>
    <cell><![CDATA[]]></cell>
  </row>
  <row id='22'>
    <cell>12</cell>
    <cell>2007-10-06</cell>
    <cell><![CDATA[Client 2]]></cell>
    <cell>700.00</cell>
    <cell>140.00</cell>
    <cell>840.00</cell>
    <cell><![CDATA[]]></cell>
  </row>
  <row id='23'>
    <cell>11</cell>
    <cell>2007-10-06</cell>
    <cell><![CDATA[Client 1]]></cell>
    <cell>600.00</cell>
    <cell>120.00</cell>
    <cell>720.00</cell>
    <cell><![CDATA[]]></cell>
  </row>
  <row id='24'>
    <cell>10</cell>
    <cell>2007-10-06</cell>
    <cell><![CDATA[Client 2]]></cell>
    <cell>100.00</cell>
    <cell>20.00</cell>
    <cell>120.00</cell>
    <cell><![CDATA[]]></cell>
  </row>
  <row id='25'>
    <cell>9</cell>
    <cell>2007-10-06</cell>
    <cell><![CDATA[Client 1]]></cell>
    <cell>200.00</cell>
    <cell>40.00</cell>
    <cell>240.00</cell>
    <cell><![CDATA[]]></cell>
  </row>
  <row id='26'>
    <cell>8</cell>
    <cell>2007-10-06</cell>
    <cell><![CDATA[Client 3]]></cell>
    <cell>200.00</cell>
    <cell>0.00</cell>
    <cell>200.00</cell>
    <cell><![CDATA[]]></cell>
  </row>
  <row id='27'>
    <cell>7</cell>
    <cell>2007-10-05</cell>
    <cell><![CDATA[Client 2]]></cell>
    <cell>120.00</cell>
    <cell>12.00</cell>
    <cell>134.00</cell>
    <cell><![CDATA[]]></cell>
  </row>
  <row id='28'>
    <cell>6</cell>
    <cell>2007-10-05</cell>
    <cell><![CDATA[Client 1]]></cell>
    <cell>50.00</cell>
    <cell>10.00</cell>
    <cell>60.00</cell>
    <cell><![CDATA[]]></cell>
  </row>
  <row id='29'>
    <cell>5</cell>
    <cell>2007-10-05</cell>
    <cell><![CDATA[Client 3]]></cell>
    <cell>100.00</cell>
    <cell>0.00</cell>
    <cell>100.00</cell>
    <cell><![CDATA[no tax at all]]></cell>
  </row>
  <row id='30'>
    <cell>4</cell>
    <cell>2007-10-04</cell>
    <cell><![CDATA[Client 3]]></cell>
    <cell>150.00</cell>
    <cell>0.00</cell>
    <cell>150.00</cell>
    <cell><![CDATA[no tax]]></cell>
  </row>
  <row id='31'>
    <cell>13</cell>
    <cell>2007-10-06</cell>
    <cell><![CDATA[Client 3]]></cell>
    <cell>1000.00</cell>
    <cell>0.00</cell>
    <cell>1000.00</cell>
    <cell><![CDATA[]]></cell>
  </row>
  <row id='32'>
    <cell>12</cell>
    <cell>2007-10-06</cell>
    <cell><![CDATA[Client 2]]></cell>
    <cell>700.00</cell>
    <cell>140.00</cell>
    <cell>840.00</cell>
    <cell><![CDATA[]]></cell>
  </row>
  <row id='33'>
    <cell>11</cell>
    <cell>2007-10-06</cell>
    <cell><![CDATA[Client 1]]></cell>
    <cell>600.00</cell>
    <cell>120.00</cell>
    <cell>720.00</cell>
    <cell><![CDATA[]]></cell>
  </row>
  <row id='34'>
    <cell>10</cell>
    <cell>2007-10-06</cell>
    <cell><![CDATA[Client 2]]></cell>
    <cell>100.00</cell>
    <cell>20.00</cell>
    <cell>120.00</cell>
    <cell><![CDATA[]]></cell>
  </row>
  <row id='35'>
    <cell>9</cell>
    <cell>2007-10-06</cell>
    <cell><![CDATA[Client 1]]></cell>
    <cell>200.00</cell>
    <cell>40.00</cell>
    <cell>240.00</cell>
    <cell><![CDATA[]]></cell>
  </row>
  <row id='36'>
    <cell>8</cell>
    <cell>2007-10-06</cell>
    <cell><![CDATA[Client 3]]></cell>
    <cell>200.00</cell>
    <cell>0.00</cell>
    <cell>200.00</cell>
    <cell><![CDATA[]]></cell>
  </row>
  <row id='37'>
    <cell>7</cell>
    <cell>2007-10-05</cell>
    <cell><![CDATA[Client 2]]></cell>
    <cell>120.00</cell>
    <cell>12.00</cell>
    <cell>134.00</cell>
    <cell><![CDATA[]]></cell>
  </row>
  <row id='38'>
    <cell>6</cell>
    <cell>2007-10-05</cell>
    <cell><![CDATA[Client 1]]></cell>
    <cell>50.00</cell>
    <cell>10.00</cell>
    <cell>60.00</cell>
    <cell><![CDATA[]]></cell>
  </row>
  <row id='39'>
    <cell>5</cell>
    <cell>2007-10-05</cell>
    <cell><![CDATA[Client 3]]></cell>
    <cell>100.00</cell>
    <cell>0.00</cell>
    <cell>100.00</cell>
    <cell><![CDATA[no tax at all]]></cell>
  </row> 
</rows>