{
   "rows":[
			{
				"LGICUS01OperationResponse": {
					"ca": {
						"ca_phone_mobile": "123",
						"ca_request_id": "01ICUS",
						"ca_return_code": 0,
						"ca_dob": "30.09.1965",
						"ca_last_name": "Tracey",
						"ca_num_policies": 0,
						"ca_phone_home": "",
						"ca_email_address": "REFROOM@TBHOLDINGS.COM",
						"ca_house_name": "Tracey Island",
						"ca_policy_data": "",
						"ca_customer_num": 3,
						"ca_first_name": "Scott1",
						"ca_house_num": "",
						"ca_postcode": "TB14TV"
					}
				}
			},
			{
				"LGICUS01OperationResponse": {
					"ca": {
						"ca_phone_mobile": "123",
						"ca_request_id": "01ICUS",
						"ca_return_code": 0,
						"ca_dob": "30.09.1965",
						"ca_last_name": "Tracey",
						"ca_num_policies": 0,
						"ca_phone_home": "",
						"ca_email_address": "REFROOM@TBHOLDINGS.COM",
						"ca_house_name": "Tracey Island",
						"ca_policy_data": "",
						"ca_customer_num": 4,
						"ca_first_name": "Scott2",
						"ca_house_num": "",
						"ca_postcode": "TB14TV"
					}
				}
			},
			{
				"LGICUS01OperationResponse": {
					"ca": {
						"ca_phone_mobile": "123",
						"ca_request_id": "01ICUS",
						"ca_return_code": 0,
						"ca_dob": "30.09.1965",
						"ca_last_name": "Tracey",
						"ca_num_policies": 0,
						"ca_phone_home": "",
						"ca_email_address": "REFROOM@TBHOLDINGS.COM",
						"ca_house_name": "Tracey Island",
						"ca_policy_data": "",
						"ca_customer_num": 5,
						"ca_first_name": "Scott3",
						"ca_house_num": "",
						"ca_postcode": "TB14TV"
					}
				}
			},
			{
				"LGICUS01OperationResponse": {
					"ca": {
						"ca_phone_mobile": "123",
						"ca_request_id": "01ICUS",
						"ca_return_code": 0,
						"ca_dob": "30.09.1965",
						"ca_last_name": "Tracey",
						"ca_num_policies": 0,
						"ca_phone_home": "",
						"ca_email_address": "REFROOM@TBHOLDINGS.COM",
						"ca_house_name": "Tracey Island",
						"ca_policy_data": "",
						"ca_customer_num": 6,
						"ca_first_name": "Scott4",
						"ca_house_num": "",
						"ca_postcode": "TB14TV"
					}
				}
			},
			{
				"LGICUS01OperationResponse": {
					"ca": {
						"ca_phone_mobile": "123",
						"ca_request_id": "01ICUS",
						"ca_return_code": 0,
						"ca_dob": "30.09.1965",
						"ca_last_name": "Tracey",
						"ca_num_policies": 0,
						"ca_phone_home": "",
						"ca_email_address": "REFROOM@TBHOLDINGS.COM",
						"ca_house_name": "Tracey Island",
						"ca_policy_data": "",
						"ca_customer_num": 7,
						"ca_first_name": "Scott5",
						"ca_house_num": "",
						"ca_postcode": "TB14TV"
					}
				}
			},
			{
				"LGICUS01OperationResponse": {
					"ca": {
						"ca_phone_mobile": "123",
						"ca_request_id": "01ICUS",
						"ca_return_code": 0,
						"ca_dob": "30.09.1965",
						"ca_last_name": "Tracey",
						"ca_num_policies": 0,
						"ca_phone_home": "",
						"ca_email_address": "REFROOM@TBHOLDINGS.COM",
						"ca_house_name": "Tracey Island",
						"ca_policy_data": "",
						"ca_customer_num": 8,
						"ca_first_name": "Scott6",
						"ca_house_num": "",
						"ca_postcode": "TB14TV"
					}
				}
			},
			{
				"LGICUS01OperationResponse": {
					"ca": {
						"ca_phone_mobile": "123",
						"ca_request_id": "01ICUS",
						"ca_return_code": 0,
						"ca_dob": "30.09.1965",
						"ca_last_name": "Tracey",
						"ca_num_policies": 0,
						"ca_phone_home": "",
						"ca_email_address": "REFROOM@TBHOLDINGS.COM",
						"ca_house_name": "Tracey Island",
						"ca_policy_data": "",
						"ca_customer_num": 9,
						"ca_first_name": "Scott7",
						"ca_house_num": "",
						"ca_postcode": "TB14TV"
					}
				}
			},
			{
				"LGICUS01OperationResponse": {
					"ca": {
						"ca_phone_mobile": "123",
						"ca_request_id": "01ICUS",
						"ca_return_code": 0,
						"ca_dob": "30.09.1965",
						"ca_last_name": "Tracey",
						"ca_num_policies": 0,
						"ca_phone_home": "",
						"ca_email_address": "REFROOM@TBHOLDINGS.COM",
						"ca_house_name": "Tracey Island",
						"ca_policy_data": "",
						"ca_customer_num": 10,
						"ca_first_name": "Scott8",
						"ca_house_num": "",
						"ca_postcode": "TB14TV"
					}
				}
			},
			{
				"LGICUS01OperationResponse": {
					"ca": {
						"ca_phone_mobile": "123",
						"ca_request_id": "01ICUS",
						"ca_return_code": 0,
						"ca_dob": "30.09.1965",
						"ca_last_name": "Tracey",
						"ca_num_policies": 0,
						"ca_phone_home": "",
						"ca_email_address": "REFROOM@TBHOLDINGS.COM",
						"ca_house_name": "Tracey Island",
						"ca_policy_data": "",
						"ca_customer_num": 11,
						"ca_first_name": "Scott9",
						"ca_house_num": "",
						"ca_postcode": "TB14TV"
					}
				}
			},
			{
				"LGICUS01OperationResponse": {
					"ca": {
						"ca_phone_mobile": "123",
						"ca_request_id": "01ICUS",
						"ca_return_code": 0,
						"ca_dob": "30.09.1965",
						"ca_last_name": "Tracey",
						"ca_num_policies": 0,
						"ca_phone_home": "",
						"ca_email_address": "REFROOM@TBHOLDINGS.COM",
						"ca_house_name": "Tracey Island",
						"ca_policy_data": "",
						"ca_customer_num": 12,
						"ca_first_name": "Scott10",
						"ca_house_num": "",
						"ca_postcode": "TB14TV"
					}
				}
			}
	]
}